ts,platform,asset,market,window_start,secs_into_window,best_bid,best_ask,bid_usd,ask_usd,bid_1c_usd,ask_1c_usd,bid_2c_usd,ask_2c_usd,bid_5c_usd,ask_5c_usd
2026-10-04T00:00:40Z,polymarket,BTC,btc-updown-15m-1791072000,1791072000,40,0.48,0.49,164.57,232.34,164.57,232.34,489.8,703.84,1895.69,3981.73
2026-10-04T00:00:40Z,polymarket,ETH,eth-updown-15m-1791072000,1791072000,40,0.4,0.41,37.32,2.05,37.32,2.05,52.92,75.55,693.83,298.83
2026-10-04T00:00:40Z,polymarket,SOL,sol-updown-15m-1791072000,1791072000,40,0.47,0.48,3.29,2.88,3.29,2.88,3.29,19.54,208.5,60.0
2026-10-04T00:00:40Z,polymarket,XRP,xrp-updown-15m-1791072000,1791072000,40,0.43,0.48,8.6,207.36,0,0,0,0,25.14,242.47
2026-10-04T00:00:40Z,kalshi,BTC,KXBTC15M-26OCT032015-15,1791072000,40,0.48,0.49,2586.03,1276.66,2586.03,1276.66,3452.69,1379.16,4974.73,4502.04
2026-10-04T00:00:40Z,kalshi,ETH,KXETH15M-26OCT032015-15,1791072000,40,0.41,0.42,10.91,32.55,10.91,32.55,223.71,51.04,826.21,756.78
2026-10-04T00:00:40Z,kalshi,SOL,KXSOL15M-26OCT032015-15,1791072000,40,0.47,0.49,165.44,7.36,165.44,7.36,363.24,183.11,838.55,789.3
2026-10-04T00:00:40Z,kalshi,XRP,KXXRP15M-26OCT032015-15,1791072000,40,0.43,0.44,7.09,12.6,7.09,12.6,140.54,28.35,355.14,298.65
2026-10-04T00:01:40Z,polymarket,BTC,btc-updown-15m-1791072000,1791072000,100,0.52,0.53,57.2,257.24,57.2,257.24,186.23,374.96,2366.64,607.59
2026-10-04T00:01:40Z,polymarket,ETH,eth-updown-15m-1791072000,1791072000,100,0.38,0.39,1.9,78.8,1.9,78.8,27.8,365.2,189.31,778.77
2026-10-04T00:01:40Z,polymarket,SOL,sol-updown-15m-1791072000,1791072000,100,0.62,0.65,32.46,3.9,0,0,32.46,3.9,505.8,24.15
2026-10-04T00:01:40Z,polymarket,XRP,xrp-updown-15m-1791072000,1791072000,100,0.45,0.47,41.94,2.82,41.94,2.82,278.22,2.82,334.31,93.57
2026-10-04T00:01:40Z,kalshi,BTC,KXBTC15M-26OCT032015-15,1791072000,100,0.55,0.56,2126.66,2390.6,2126.66,2390.6,2884.28,3023.88,5301.23,5985.51
2026-10-04T00:01:40Z,kalshi,ETH,KXETH15M-26OCT032015-15,1791072000,100,0.35,0.36,14.35,37.44,14.35,37.44,203.05,62.6,715.26,682.09
2026-10-04T00:01:40Z,kalshi,SOL,KXSOL15M-26OCT032015-15,1791072000,100,0.64,0.67,227.84,240.11,0,0,227.84,240.11,961.18,976.88
2026-10-04T00:01:40Z,kalshi,XRP,KXXRP15M-26OCT032015-15,1791072000,100,0.48,0.49,230.4,8.82,230.4,8.82,240.27,14.82,474.04,61.0
2026-10-04T00:02:40Z,polymarket,BTC,btc-updown-15m-1791072000,1791072000,160,0.74,0.75,144.74,136.07,144.74,136.07,2024.49,310.94,4517.74,704.95
2026-10-04T00:02:40Z,polymarket,ETH,eth-updown-15m-1791072000,1791072000,160,0.63,0.64,54.18,481.57,54.18,481.57,156.48,907.46,430.51,1462.95
2026-10-04T00:02:40Z,polymarket,SOL,sol-updown-15m-1791072000,1791072000,160,0.83,0.84,5.81,45.86,5.81,45.86,11.55,84.11,105.18,977.99
2026-10-04T00:02:40Z,polymarket,XRP,xrp-updown-15m-1791072000,1791072000,160,0.66,0.72,19.14,12.24,0,0,0,0,207.71,424.6
2026-10-04T00:02:40Z,kalshi,BTC,KXBTC15M-26OCT032015-15,1791072000,160,0.77,0.78,1848.05,6296.44,1848.05,6296.44,2853.11,7941.76,6247.27,12254.52
2026-10-04T00:02:40Z,kalshi,ETH,KXETH15M-26OCT032015-15,1791072000,160,0.59,0.6,32.45,238.44,32.45,238.44,55.65,551.41,400.13,1422.97
2026-10-04T00:02:40Z,kalshi,SOL,KXSOL15M-26OCT032015-15,1791072000,160,0.82,0.83,34.19,70.53,34.19,70.53,48.77,373.12,922.3,1335.09
2026-10-04T00:02:40Z,kalshi,XRP,KXXRP15M-26OCT032015-15,1791072000,160,0.69,0.7,18.63,34.3,18.63,34.3,123.0,71.93,270.96,480.36
2026-10-04T00:03:40Z,polymarket,BTC,btc-updown-15m-1791072000,1791072000,220,0.66,0.67,2715.24,36.85,2715.24,36.85,2870.59,209.65,3910.35,455.44
2026-10-04T00:03:40Z,polymarket,ETH,eth-updown-15m-1791072000,1791072000,220,0.54,0.55,11.34,41.25,11.34,41.25,14.52,68.69,217.91,458.47
2026-10-04T00:03:40Z,polymarket,SOL,sol-updown-15m-1791072000,1791072000,220,0.77,0.78,78.91,6.24,78.91,6.24,120.71,36.26,454.55,86.98
2026-10-04T00:03:40Z,polymarket,XRP,xrp-updown-15m-1791072000,1791072000,220,0.67,0.68,6.7,30.98,6.7,30.98,13.3,84.8,430.29,508.58
2026-10-04T00:03:40Z,kalshi,BTC,KXBTC15M-26OCT032015-15,1791072000,220,0.7,0.71,3952.19,4701.48,3952.19,4701.48,4759.49,6591.22,7060.34,9524.22
2026-10-04T00:03:40Z,kalshi,ETH,KXETH15M-26OCT032015-15,1791072000,220,0.52,0.54,15.6,290.52,15.6,290.52,46.2,502.55,966.7,1386.14
2026-10-04T00:03:40Z,kalshi,SOL,KXSOL15M-26OCT032015-15,1791072000,220,0.79,0.8,7.9,313.6,7.9,313.6,15.7,644.91,565.2,1567.17
2026-10-04T00:03:40Z,kalshi,XRP,KXXRP15M-26OCT032015-15,1791072000,220,0.67,0.68,19.43,288.94,19.43,288.94,24.05,364.84,776.6,723.62
2026-10-04T00:04:40Z,polymarket,BTC,btc-updown-15m-1791072000,1791072000,280,0.71,0.72,146.16,32.4,146.16,32.4,246.82,264.68,8547.02,927.14
2026-10-04T00:04:40Z,polymarket,ETH,eth-updown-15m-1791072000,1791072000,280,0.5,0.51,3.0,43.35,3.0,43.35,36.35,70.91,638.21,187.76
2026-10-04T00:04:40Z,polymarket,SOL,sol-updown-15m-1791072000,1791072000,280,0.72,0.73,63.86,10.22,63.86,10.22,126.34,16.14,654.29,34.62
2026-10-04T00:04:40Z,polymarket,XRP,xrp-updown-15m-1791072000,1791072000,280,0.53,0.54,5.3,24.16,5.3,24.16,10.5,105.56,37.06,385.55
2026-10-04T00:04:40Z,kalshi,BTC,KXBTC15M-26OCT032015-15,1791072000,280,0.73,0.74,5991.91,8.15,5991.91,8.15,7468.38,3101.82,9983.46,6556.3
2026-10-04T00:04:40Z,kalshi,ETH,KXETH15M-26OCT032015-15,1791072000,280,0.5,0.51,363.56,28.05,363.56,28.05,619.34,28.05,1422.25,623.43
2026-10-04T00:04:40Z,kalshi,SOL,KXSOL15M-26OCT032015-15,1791072000,280,0.73,0.74,267.91,18.5,267.91,18.5,527.11,18.5,1312.06,886.62
2026-10-04T00:04:40Z,kalshi,XRP,KXXRP15M-26OCT032015-15,1791072000,280,0.52,0.54,16.66,57.24,16.66,57.24,259.5,94.64,642.73,364.88
2026-10-04T00:05:40Z,polymarket,BTC,btc-updown-15m-1791072000,1791072000,340,0.75,0.76,178.57,106.4,178.57,106.4,478.83,308.91,4840.88,9875.17
2026-10-04T00:05:40Z,polymarket,ETH,eth-updown-15m-1791072000,1791072000,340,0.56,0.57,17.36,42.75,17.36,42.75,39.36,68.85,425.01,260.7
2026-10-04T00:05:40Z,polymarket,SOL,sol-updown-15m-1791072000,1791072000,340,0.8,0.81,69.76,3.26,69.76,3.26,91.09,9.82,513.87,163.52
2026-10-04T00:05:40Z,polymarket,XRP,xrp-updown-15m-1791072000,1791072000,340,0.4,0.41,8.0,9.43,8.0,9.43,19.7,41.77,108.52,128.65
2026-10-04T00:05:40Z,kalshi,BTC,KXBTC15M-26OCT032015-15,1791072000,340,0.75,0.76,4358.0,316.18,4358.0,316.18,5943.01,1836.69,8518.61,6006.82
2026-10-04T00:05:40Z,kalshi,ETH,KXETH15M-26OCT032015-15,1791072000,340,0.55,0.57,59.95,34.83,59.95,34.83,346.69,334.11,1298.48,1292.67
2026-10-04T00:05:40Z,kalshi,SOL,KXSOL15M-26OCT032015-15,1791072000,340,0.81,0.82,308.61,8.2,308.61,8.2,596.61,20.65,1174.4,987.21
2026-10-04T00:05:40Z,kalshi,XRP,KXXRP15M-26OCT032015-15,1791072000,340,0.43,0.44,2.15,15.4,2.15,15.4,5.93,18.55,260.68,256.52
