file,d,key,notional,cash,trades
20251030-time-and-sales.csv,2025-10-30,__TOTAL__,412.0,244.05,43
20251031-time-and-sales.csv,2025-10-30,__TOTAL__,1.0,0.84,1
20251031-time-and-sales.csv,2025-10-31,__TOTAL__,1516.0,1273.17,13
20251101-time-and-sales.csv,2025-11-01,__TOTAL__,50.0,17.3,2
20251102-time-and-sales.csv,2025-11-02,__TOTAL__,6583.0,4043.98,72
20251103-time-and-sales.csv,2025-11-02,__TOTAL__,831.0,306.13,4
20251103-time-and-sales.csv,2025-11-03,__TOTAL__,3028.0,1773.83,30
20251104-time-and-sales.csv,2025-11-04,__TOTAL__,528.0,261.27,15
20251105-time-and-sales.csv,2025-11-04,__TOTAL__,500.0,69.5,2
20251105-time-and-sales.csv,2025-11-05,__TOTAL__,55.0,5.72,1
20251106-time-and-sales.csv,2025-11-06,__TOTAL__,1199.0,135.75,9
20251107-time-and-sales.csv,2025-11-07,__TOTAL__,664.0,130.11,5
20251108-time-and-sales.csv,2025-11-08,__TOTAL__,74.0,34.68,5
20251109-time-and-sales.csv,2025-11-08,__TOTAL__,15.0,5.0,1
20251109-time-and-sales.csv,2025-11-09,__TOTAL__,12335.0,6159.63,59
20251110-time-and-sales.csv,2025-11-09,__TOTAL__,584.0,359.34,9
20251110-time-and-sales.csv,2025-11-10,__TOTAL__,11558.0,4471.49,81
20251111-time-and-sales.csv,2025-11-10,__TOTAL__,223.0,110.93,3
20251111-time-and-sales.csv,2025-11-11,__TOTAL__,3014.0,1687.33,47
20251112-time-and-sales.csv,2025-11-11,__TOTAL__,5.0,3.0,1
20251112-time-and-sales.csv,2025-11-12,__TOTAL__,845.0,247.93,21
20251113-time-and-sales.csv,2025-11-13,__TOTAL__,5177.0,1876.19,14
20251114-time-and-sales.csv,2025-11-13,__TOTAL__,190.0,69.32,10
20251114-time-and-sales.csv,2025-11-14,__TOTAL__,4671.0,688.52,23
20251115-time-and-sales.csv,2025-11-14,__TOTAL__,327.0,140.11,3
20251115-time-and-sales.csv,2025-11-15,__TOTAL__,7362.0,2366.22,168
20251116-time-and-sales.csv,2025-11-15,__TOTAL__,124.0,50.72,1
20251116-time-and-sales.csv,2025-11-16,__TOTAL__,285324.0,160052.35,591
20251117-time-and-sales.csv,2025-11-16,__TOTAL__,260738.0,135460.61,253
20251117-time-and-sales.csv,2025-11-17,__TOTAL__,193664.0,100142.76,847
20251118-time-and-sales.csv,2025-11-17,__TOTAL__,522.0,233.37,8
20251118-time-and-sales.csv,2025-11-18,__TOTAL__,16305.0,9738.06,135
20251119-time-and-sales.csv,2025-11-18,__TOTAL__,636.0,317.2,3
20251119-time-and-sales.csv,2025-11-19,__TOTAL__,6114.0,3117.05,112
20251120-time-and-sales.csv,2025-11-19,__TOTAL__,392.0,255.19,4
20251120-time-and-sales.csv,2025-11-20,__TOTAL__,5570.0,3714.98,68
20251121-time-and-sales.csv,2025-11-20,__TOTAL__,486.0,228.12,6
20251121-time-and-sales.csv,2025-11-21,__TOTAL__,8984.0,3468.27,67
20251122-time-and-sales.csv,2025-11-21,__TOTAL__,200.0,83.0,2
20251122-time-and-sales.csv,2025-11-22,__TOTAL__,3113.0,1655.76,44
20251123-time-and-sales.csv,2025-11-23,__TOTAL__,220770.0,113867.38,421
20251124-time-and-sales.csv,2025-11-23,__TOTAL__,173303.0,110567.55,91
20251124-time-and-sales.csv,2025-11-24,__TOTAL__,87488.0,27766.95,141
20251125-time-and-sales.csv,2025-11-24,__TOTAL__,124.0,70.3,3
20251125-time-and-sales.csv,2025-11-25,__TOTAL__,65813.0,12136.11,171
20251126-time-and-sales.csv,2025-11-25,__TOTAL__,67.0,42.51,3
20251126-time-and-sales.csv,2025-11-26,__TOTAL__,4565.0,1966.42,102
20251127-time-and-sales.csv,2025-11-26,__TOTAL__,1377.0,714.01,6
20251127-time-and-sales.csv,2025-11-27,__TOTAL__,38459.0,26784.69,160
20251128-time-and-sales.csv,2025-11-27,__TOTAL__,18834.0,8210.75,13
20251128-time-and-sales.csv,2025-11-28,__TOTAL__,58213.0,29633.07,183
20251129-time-and-sales.csv,2025-11-28,__TOTAL__,5680.0,3314.49,46
20251129-time-and-sales.csv,2025-11-29,__TOTAL__,90940.0,28514.55,164
20251130-time-and-sales.csv,2025-11-29,__TOTAL__,971.0,516.2,23
20251130-time-and-sales.csv,2025-11-30,__TOTAL__,356402.0,184309.97,819
20251201-time-and-sales.csv,2025-11-30,__TOTAL__,492133.0,236006.3,315
20251201-time-and-sales.csv,2025-12-01,__TOTAL__,729441.0,430590.79,1836
20251202-time-and-sales.csv,2025-12-01,__TOTAL__,12926.0,3755.32,334
20251202-time-and-sales.csv,2025-12-02,__TOTAL__,392636.0,175868.51,4000
20251203-time-and-sales.csv,2025-12-02,__TOTAL__,5958.0,1816.43,181
20251203-time-and-sales.csv,2025-12-03,__TOTAL__,474077.0,218071.16,3716
20251204-time-and-sales.csv,2025-12-03,__TOTAL__,43776.0,19435.84,314
20251204-time-and-sales.csv,2025-12-04,__TOTAL__,583845.0,284739.58,3618
20251205-time-and-sales.csv,2025-12-04,__TOTAL__,24306.0,10137.91,330
20251205-time-and-sales.csv,2025-12-05,__TOTAL__,917886.0,374502.74,4309
20251206-time-and-sales.csv,2025-12-05,__TOTAL__,30332.0,9838.09,286
20251206-time-and-sales.csv,2025-12-06,__TOTAL__,1299088.0,535669.39,4531
20251207-time-and-sales.csv,2025-12-06,__TOTAL__,44971.0,30871.01,519
20251207-time-and-sales.csv,2025-12-07,__TOTAL__,2485529.0,1231013.26,7673
20251208-time-and-sales.csv,2025-12-07,__TOTAL__,339917.0,173441.42,990
20251208-time-and-sales.csv,2025-12-08,__TOTAL__,442154.0,246420.22,3433
20251209-time-and-sales.csv,2025-12-08,__TOTAL__,17443.0,8347.62,252
20251209-time-and-sales.csv,2025-12-09,__TOTAL__,339462.0,167855.59,4373
20251210-time-and-sales.csv,2025-12-09,__TOTAL__,69137.0,40341.13,551
20251210-time-and-sales.csv,2025-12-10,__TOTAL__,412680.0,205484.42,3426
20251211-time-and-sales.csv,2025-12-10,__TOTAL__,12884.0,4258.01,209
20251211-time-and-sales.csv,2025-12-11,__TOTAL__,421153.0,228611.66,4095
20251212-time-and-sales.csv,2025-12-11,__TOTAL__,34659.0,14670.0,399
20251212-time-and-sales.csv,2025-12-12,__TOTAL__,880351.0,349653.97,5727
20251213-time-and-sales.csv,2025-12-12,__TOTAL__,53464.0,22723.39,691
20251213-time-and-sales.csv,2025-12-13,__TOTAL__,1451312.0,636317.62,8525
20251214-time-and-sales.csv,2025-12-13,__TOTAL__,144210.0,77683.43,1513
20251214-time-and-sales.csv,2025-12-14,__TOTAL__,2103172.0,995142.09,11541
20251215-time-and-sales.csv,2025-12-14,__TOTAL__,594773.0,289888.64,2727
20251215-time-and-sales.csv,2025-12-15,__TOTAL__,1219249.0,500464.52,7929
20251216-time-and-sales.csv,2025-12-15,__TOTAL__,70745.0,28771.06,673
20251216-time-and-sales.csv,2025-12-16,__TOTAL__,1020003.0,482919.61,9459
20251217-time-and-sales.csv,2025-12-16,__TOTAL__,74947.0,30414.71,1127
20251217-time-and-sales.csv,2025-12-17,__TOTAL__,676227.0,275436.27,7235
20251218-time-and-sales.csv,2025-12-17,__TOTAL__,40271.0,16377.19,641
20251218-time-and-sales.csv,2025-12-18,__TOTAL__,1666748.0,765050.79,9078
20251219-time-and-sales.csv,2025-12-18,__TOTAL__,174428.0,69158.64,1011
20251219-time-and-sales.csv,2025-12-19,__TOTAL__,4631767.0,2090519.41,18974
20251220-time-and-sales.csv,2025-12-19,__TOTAL__,199751.0,97763.99,1794
20251220-time-and-sales.csv,2025-12-20,__TOTAL__,4493256.0,2320445.33,21938
20251221-time-and-sales.csv,2025-12-20,__TOTAL__,695347.0,377249.85,4584
20251221-time-and-sales.csv,2025-12-21,__TOTAL__,5543228.0,2614818.5,38950
20251222-time-and-sales.csv,2025-12-21,__TOTAL__,969083.0,516152.55,8292
20251222-time-and-sales.csv,2025-12-22,__TOTAL__,2886662.0,1446876.17,27061
20251223-time-and-sales.csv,2025-12-22,__TOTAL__,313142.0,151083.81,3623
20251223-time-and-sales.csv,2025-12-23,__TOTAL__,2865490.0,1255747.45,25397
20251224-time-and-sales.csv,2025-12-23,__TOTAL__,389951.0,146048.19,3822
20251224-time-and-sales.csv,2025-12-24,__TOTAL__,2803655.0,1380659.64,20327
20251225-time-and-sales.csv,2025-12-24,__TOTAL__,98108.0,46965.25,889
20251225-time-and-sales.csv,2025-12-25,__TOTAL__,3430374.0,2087660.95,19857
20251226-time-and-sales.csv,2025-12-25,__TOTAL__,788801.0,401796.55,4736
20251226-time-and-sales.csv,2025-12-26,__TOTAL__,3387042.0,1867125.91,18249
20251227-time-and-sales.csv,2025-12-26,__TOTAL__,207749.0,92665.6,2020
20251227-time-and-sales.csv,2025-12-27,__TOTAL__,4973538.0,2519869.59,27685
20251228-time-and-sales.csv,2025-12-27,__TOTAL__,1234445.0,680933.62,5710
20251228-time-and-sales.csv,2025-12-28,__TOTAL__,7320968.0,3901827.63,39848
20251229-time-and-sales.csv,2025-12-28,__TOTAL__,1523116.0,991530.75,7052
20251229-time-and-sales.csv,2025-12-29,__TOTAL__,4152958.0,1937320.05,20785
20251230-time-and-sales.csv,2025-12-29,__TOTAL__,388460.0,184336.37,2478
20251230-time-and-sales.csv,2025-12-30,__TOTAL__,4757896.0,2151405.02,27706
20251231-time-and-sales.csv,2025-12-30,__TOTAL__,479138.0,196839.13,2997
20251231-time-and-sales.csv,2025-12-31,__TOTAL__,6518205.0,3374087.8,37175
20260101-time-and-sales.csv,2025-12-31,__TOTAL__,1063875.0,424673.29,6008
20260101-time-and-sales.csv,2026-01-01,__TOTAL__,5299588.0,2565629.13,27587
20260102-time-and-sales.csv,2026-01-01,__TOTAL__,776526.0,276762.16,4482
20260102-time-and-sales.csv,2026-01-02,__TOTAL__,3856488.0,1871397.02,22426
20260103-time-and-sales.csv,2026-01-02,__TOTAL__,436074.0,230176.06,3052
20260103-time-and-sales.csv,2026-01-03,__TOTAL__,5717507.0,2653516.83,38138
20260104-time-and-sales.csv,2026-01-03,__TOTAL__,1407890.0,607334.21,9271
20260104-time-and-sales.csv,2026-01-04,__TOTAL__,7632990.0,3471433.41,42538
20260105-time-and-sales.csv,2026-01-04,__TOTAL__,1158236.0,461214.84,6932
20260105-time-and-sales.csv,2026-01-05,__TOTAL__,3678211.0,1952947.05,19933
20260106-time-and-sales.csv,2026-01-05,__TOTAL__,119829.0,53764.83,1631
20260106-time-and-sales.csv,2026-01-06,__TOTAL__,3741712.0,1502803.42,20905
20260107-time-and-sales.csv,2026-01-06,__TOTAL__,280503.0,125279.67,2417
20260107-time-and-sales.csv,2026-01-07,__TOTAL__,6191130.0,2935235.31,33773
20260108-time-and-sales.csv,2026-01-07,__TOTAL__,383486.0,191564.44,2569
20260108-time-and-sales.csv,2026-01-08,__TOTAL__,7962746.0,3379386.42,39167
20260109-time-and-sales.csv,2026-01-08,__TOTAL__,291250.0,133065.15,2665
20260109-time-and-sales.csv,2026-01-09,__TOTAL__,5047127.0,2454904.49,33270
20260110-time-and-sales.csv,2026-01-09,__TOTAL__,608184.0,291861.84,11587
20260110-time-and-sales.csv,2026-01-10,__TOTAL__,12730535.0,6008731.99,77284
20260111-time-and-sales.csv,2026-01-10,__TOTAL__,3077902.0,1719068.0,21158
20260111-time-and-sales.csv,2026-01-11,__TOTAL__,14540195.0,7430321.03,90643
20260112-time-and-sales.csv,2026-01-11,__TOTAL__,2150938.0,786190.35,10650
20260112-time-and-sales.csv,2026-01-12,__TOTAL__,8954643.0,4073620.17,51697
20260113-time-and-sales.csv,2026-01-12,__TOTAL__,375094.0,180987.04,4168
20260113-time-and-sales.csv,2026-01-13,__TOTAL__,8214263.0,3974418.69,53042
20260114-time-and-sales.csv,2026-01-13,__TOTAL__,791487.0,361907.26,4600
20260114-time-and-sales.csv,2026-01-14,__TOTAL__,7406521.0,3198184.43,47317
20260115-time-and-sales.csv,2026-01-14,__TOTAL__,722327.0,315522.07,4387
20260115-time-and-sales.csv,2026-01-15,__TOTAL__,8663218.0,4034646.92,56194
20260116-time-and-sales.csv,2026-01-15,__TOTAL__,518287.0,233074.38,4067
20260116-time-and-sales.csv,2026-01-16,__TOTAL__,6927120.0,3174129.49,43118
20260117-time-and-sales.csv,2026-01-16,__TOTAL__,292989.0,126169.76,3163
20260117-time-and-sales.csv,2026-01-17,__TOTAL__,11643100.0,4830802.62,87530
20260118-time-and-sales.csv,2026-01-17,__TOTAL__,2257770.0,940374.79,20342
20260118-time-and-sales.csv,2026-01-18,__TOTAL__,9686370.0,3858950.6,72401
20260119-time-and-sales.csv,2026-01-18,__TOTAL__,2259068.0,1005278.76,14543
20260119-time-and-sales.csv,2026-01-19,__TOTAL__,8074589.0,4274721.52,53117
20260120-time-and-sales.csv,2026-01-19,__TOTAL__,1212357.0,512451.21,8710
20260120-time-and-sales.csv,2026-01-20,__TOTAL__,5815741.0,2069792.71,45123
20260121-time-and-sales.csv,2026-01-20,__TOTAL__,478938.0,229377.12,3894
20260121-time-and-sales.csv,2026-01-21,__TOTAL__,5338202.0,2825467.23,43627
20260122-time-and-sales.csv,2026-01-21,__TOTAL__,658644.0,337219.92,4440
20260122-time-and-sales.csv,2026-01-22,__TOTAL__,6173959.0,3100174.77,47562
20260123-time-and-sales.csv,2026-01-22,__TOTAL__,676626.0,381500.21,4916
20260123-time-and-sales.csv,2026-01-23,__TOTAL__,8869033.0,4004347.63,47219
20260124-time-and-sales.csv,2026-01-23,__TOTAL__,410238.0,233439.49,3088
20260124-time-and-sales.csv,2026-01-24,__TOTAL__,13947725.0,6851872.72,121753
20260125-time-and-sales.csv,2026-01-24,__TOTAL__,2513980.0,1381533.61,21139
20260125-time-and-sales.csv,2026-01-25,__TOTAL__,10497279.0,5149296.86,105363
20260126-time-and-sales.csv,2026-01-25,__TOTAL__,2758973.0,1479183.24,18294
20260126-time-and-sales.csv,2026-01-26,__TOTAL__,7774025.0,2892797.1,60273
20260127-time-and-sales.csv,2026-01-26,__TOTAL__,688770.0,260000.7,6424
20260127-time-and-sales.csv,2026-01-27,__TOTAL__,5599936.0,2226415.37,53371
20260128-time-and-sales.csv,2026-01-27,__TOTAL__,1062510.0,484050.67,9666
20260128-time-and-sales.csv,2026-01-28,__TOTAL__,8928411.0,4037467.93,89843
20260129-time-and-sales.csv,2026-01-28,__TOTAL__,650085.0,306617.24,4156
20260129-time-and-sales.csv,2026-01-29,__TOTAL__,10472156.0,5240854.1,56859
20260130-time-and-sales.csv,2026-01-29,__TOTAL__,1087684.0,462896.18,5878
20260130-time-and-sales.csv,2026-01-30,__TOTAL__,9452698.0,4244278.51,56402
20260131-time-and-sales.csv,2026-01-30,__TOTAL__,783982.0,320781.47,4165
20260131-time-and-sales.csv,2026-01-31,__TOTAL__,11609884.0,5742098.95,120123
20260201-time-and-sales.csv,2026-01-31,__TOTAL__,2530525.0,1215720.66,25728
20260201-time-and-sales.csv,2026-02-01,__TOTAL__,9155794.0,3949137.88,80310
20260202-time-and-sales.csv,2026-02-01,__TOTAL__,1384248.0,568337.77,12255
20260202-time-and-sales.csv,2026-02-02,__TOTAL__,3481598.0,1688823.65,33846
20260203-time-and-sales.csv,2026-02-03,__TOTAL__,4260606.0,2308513.84,39611
20260204-time-and-sales.csv,2026-02-03,__TOTAL__,574691.0,284548.67,6575
20260204-time-and-sales.csv,2026-02-04,__TOTAL__,8281063.0,4036048.55,93181
20260205-time-and-sales.csv,2026-02-04,__TOTAL__,643435.0,279710.78,8764
20260205-time-and-sales.csv,2026-02-05,__TOTAL__,10205526.0,4609514.8,83593
20260206-time-and-sales.csv,2026-02-05,__TOTAL__,488860.0,192712.75,3607
20260206-time-and-sales.csv,2026-02-06,__TOTAL__,6385390.0,2915444.45,44849
20260207-time-and-sales.csv,2026-02-06,__TOTAL__,354289.0,137317.18,3252
20260207-time-and-sales.csv,2026-02-07,__TOTAL__,9822352.0,4467190.47,74666
20260208-time-and-sales.csv,2026-02-07,__TOTAL__,2280393.0,1160272.66,18952
20260208-time-and-sales.csv,2026-02-08,__TOTAL__,11657116.0,6257967.88,94136
20260209-time-and-sales.csv,2026-02-08,__TOTAL__,1358353.0,892549.77,9027
20260209-time-and-sales.csv,2026-02-09,__TOTAL__,4278573.0,3249531.7,39578
20260210-time-and-sales.csv,2026-02-09,__TOTAL__,517847.0,220906.59,4640
20260210-time-and-sales.csv,2026-02-10,__TOTAL__,7828493.0,3793146.82,79395
20260211-time-and-sales.csv,2026-02-10,__TOTAL__,397151.0,170489.77,4184
20260211-time-and-sales.csv,2026-02-11,__TOTAL__,7291620.0,3439650.5,59820
20260212-time-and-sales.csv,2026-02-11,__TOTAL__,789265.0,383161.88,5059
20260212-time-and-sales.csv,2026-02-12,__TOTAL__,8788610.0,4298218.17,69345
20260213-time-and-sales.csv,2026-02-12,__TOTAL__,626191.0,286863.43,5391
20260213-time-and-sales.csv,2026-02-13,__TOTAL__,7279249.0,3763521.32,46745
20260214-time-and-sales.csv,2026-02-13,__TOTAL__,279180.0,150690.58,2771
20260214-time-and-sales.csv,2026-02-14,__TOTAL__,11847325.0,5343152.86,118703
20260215-time-and-sales.csv,2026-02-14,__TOTAL__,3589672.0,1656727.27,32675
20260215-time-and-sales.csv,2026-02-15,__TOTAL__,9438047.0,4211681.17,101997
20260216-time-and-sales.csv,2026-02-15,__TOTAL__,1234343.0,578045.21,13117
20260216-time-and-sales.csv,2026-02-16,__TOTAL__,2562274.0,1128117.77,26044
20260217-time-and-sales.csv,2026-02-16,__TOTAL__,973515.0,393155.94,11895
20260217-time-and-sales.csv,2026-02-17,__TOTAL__,4296196.0,1824059.05,52034
20260218-time-and-sales.csv,2026-02-17,__TOTAL__,748690.0,332164.76,7226
20260218-time-and-sales.csv,2026-02-18,__TOTAL__,7224437.0,3226669.37,69062
20260219-time-and-sales.csv,2026-02-18,__TOTAL__,918887.0,395116.95,7246
20260219-time-and-sales.csv,2026-02-19,__TOTAL__,8410993.0,4079669.41,86082
20260220-time-and-sales.csv,2026-02-19,__TOTAL__,622671.0,227792.71,5762
20260220-time-and-sales.csv,2026-02-20,__TOTAL__,8420374.0,4329277.15,85164
20260221-time-and-sales.csv,2026-02-20,__TOTAL__,636843.0,278421.19,2761
20260221-time-and-sales.csv,2026-02-21,__TOTAL__,11491698.0,4811164.51,85867
20260222-time-and-sales.csv,2026-02-21,__TOTAL__,3342018.0,1440832.44,28152
20260222-time-and-sales.csv,2026-02-22,__TOTAL__,10783291.0,5014206.37,88742
20260223-time-and-sales.csv,2026-02-22,__TOTAL__,1497818.0,814172.51,8337
20260223-time-and-sales.csv,2026-02-23,__TOTAL__,3257481.0,1792098.32,17257
20260224-time-and-sales.csv,2026-02-23,__TOTAL__,377277.0,175846.09,1738
20260224-time-and-sales.csv,2026-02-24,__TOTAL__,5049984.0,2446285.74,24608
20260225-time-and-sales.csv,2026-02-24,__TOTAL__,839885.0,483911.07,3362
20260225-time-and-sales.csv,2026-02-25,__TOTAL__,11659963.0,5276784.52,49235
20260226-time-and-sales.csv,2026-02-25,__TOTAL__,843737.0,409753.37,3568
20260226-time-and-sales.csv,2026-02-26,__TOTAL__,11587783.0,4938317.5,59691
20260227-time-and-sales.csv,2026-02-26,__TOTAL__,1239535.0,534207.4,4713
20260227-time-and-sales.csv,2026-02-27,__TOTAL__,9907025.0,4693256.84,47189
20260228-time-and-sales.csv,2026-02-27,__TOTAL__,1093354.0,512810.77,4215
20260228-time-and-sales.csv,2026-02-28,__TOTAL__,18289543.0,8511026.83,93929
20260301-time-and-sales.csv,2026-02-28,__TOTAL__,4322251.0,2033717.62,24943
20260301-time-and-sales.csv,2026-03-01,__TOTAL__,14964122.0,7413728.92,76228
20260302-time-and-sales.csv,2026-03-01,__TOTAL__,2271276.0,1433691.51,11028
20260302-time-and-sales.csv,2026-03-02,__TOTAL__,4797347.0,2616303.23,20671
20260303-time-and-sales.csv,2026-03-02,__TOTAL__,653272.0,366116.01,2370
20260303-time-and-sales.csv,2026-03-03,__TOTAL__,6744019.0,3439310.83,30427
20260304-time-and-sales.csv,2026-03-03,__TOTAL__,1019584.0,463826.26,4072
20260304-time-and-sales.csv,2026-03-04,__TOTAL__,10291540.0,4260581.83,50486
20260305-time-and-sales.csv,2026-03-04,__TOTAL__,1047831.0,507792.18,4365
20260305-time-and-sales.csv,2026-03-05,__TOTAL__,9487684.0,4611388.79,49144
20260306-time-and-sales.csv,2026-03-05,__TOTAL__,1235970.0,605159.68,6369
20260306-time-and-sales.csv,2026-03-06,__TOTAL__,11624260.0,5310353.04,62991
20260307-time-and-sales.csv,2026-03-06,__TOTAL__,1089306.0,426394.45,5831
20260307-time-and-sales.csv,2026-03-07,__TOTAL__,13566030.0,6119597.2,84120
20260308-time-and-sales.csv,2026-03-07,__TOTAL__,2278856.0,1001549.11,15129
20260308-time-and-sales.csv,2026-03-08,__TOTAL__,11361469.0,5279869.91,77009
20260309-time-and-sales.csv,2026-03-08,__TOTAL__,3499271.0,1381786.72,26309
20260309-time-and-sales.csv,2026-03-09,__TOTAL__,4214883.0,1718376.44,29097
20260310-time-and-sales.csv,2026-03-09,__TOTAL__,1636832.0,641314.4,8413
20260310-time-and-sales.csv,2026-03-10,__TOTAL__,6414189.0,2418646.61,42682
20260311-time-and-sales.csv,2026-03-10,__TOTAL__,1843116.0,788362.0,13095
20260311-time-and-sales.csv,2026-03-11,__TOTAL__,10597647.0,4839698.07,68084
20260312-time-and-sales.csv,2026-03-11,__TOTAL__,2060067.0,1053322.23,15212
20260312-time-and-sales.csv,2026-03-12,__TOTAL__,9599048.0,4171089.97,59458
20260313-time-and-sales.csv,2026-03-12,__TOTAL__,2303713.0,883535.42,14056
20260313-time-and-sales.csv,2026-03-13,__TOTAL__,10866914.0,4363867.94,61940
20260314-time-and-sales.csv,2026-03-13,__TOTAL__,3149398.0,1335410.9,18541
20260314-time-and-sales.csv,2026-03-14,__TOTAL__,12227706.0,4848071.72,68536
20260315-time-and-sales.csv,2026-03-14,__TOTAL__,2880326.0,1090987.62,22053
20260315-time-and-sales.csv,2026-03-15,__TOTAL__,10414173.0,4606556.28,67416
20260316-time-and-sales.csv,2026-03-15,__TOTAL__,2070614.0,1035629.87,12942
20260316-time-and-sales.csv,2026-03-16,__TOTAL__,3407212.0,1141137.07,22787
20260317-time-and-sales.csv,2026-03-16,__TOTAL__,1312266.0,605388.42,6461
20260317-time-and-sales.csv,2026-03-17,__TOTAL__,5392335.0,2661181.65,31427
20260318-time-and-sales.csv,2026-03-17,__TOTAL__,1851937.0,990208.71,11421
20260318-time-and-sales.csv,2026-03-18,__TOTAL__,5988884.0,2992462.06,38472
20260319-time-and-sales.csv,2026-03-18,__TOTAL__,1710610.0,742105.67,7574
20260319-time-and-sales.csv,2026-03-19,__TOTAL__,19786845.0,6930754.65,75444
20260320-time-and-sales.csv,2026-03-19,__TOTAL__,7248157.0,2179083.73,14844
20260320-time-and-sales.csv,2026-03-20,__TOTAL__,50746718.0,20030655.04,82124
20260321-time-and-sales.csv,2026-03-20,__TOTAL__,10928958.0,5007500.32,19446
20260321-time-and-sales.csv,2026-03-21,__TOTAL__,44324262.0,15738014.43,74160
20260322-time-and-sales.csv,2026-03-21,__TOTAL__,12413464.0,4939142.97,26896
20260322-time-and-sales.csv,2026-03-22,__TOTAL__,47678652.0,19271583.36,90705
20260323-time-and-sales.csv,2026-03-22,__TOTAL__,18134445.0,8997164.39,31132
20260323-time-and-sales.csv,2026-03-23,__TOTAL__,30745350.0,11634549.48,61009
20260324-time-and-sales.csv,2026-03-23,__TOTAL__,5183340.0,2571597.26,12052
20260324-time-and-sales.csv,2026-03-24,__TOTAL__,21237872.0,9820355.04,62729
20260325-time-and-sales.csv,2026-03-24,__TOTAL__,2545517.0,876873.77,12771
20260325-time-and-sales.csv,2026-03-25,__TOTAL__,15312067.0,7093489.63,50936
20260326-time-and-sales.csv,2026-03-25,__TOTAL__,6863988.0,3491022.12,13905
20260326-time-and-sales.csv,2026-03-26,__TOTAL__,25632639.0,11409299.93,73950
20260327-time-and-sales.csv,2026-03-26,__TOTAL__,8157063.0,3118010.13,24330
20260327-time-and-sales.csv,2026-03-27,__TOTAL__,28345592.0,11405066.49,71326
20260328-time-and-sales.csv,2026-03-27,__TOTAL__,5623555.0,2310568.43,19513
20260328-time-and-sales.csv,2026-03-28,__TOTAL__,42661293.0,17061805.61,106597
20260329-time-and-sales.csv,2026-03-28,__TOTAL__,10776373.0,5662773.46,32577
20260329-time-and-sales.csv,2026-03-29,__TOTAL__,27876771.0,11634311.33,97362
20260330-time-and-sales.csv,2026-03-29,__TOTAL__,12038061.0,4275932.81,30339
20260330-time-and-sales.csv,2026-03-30,__TOTAL__,14392137.0,5996398.7,53224
20260331-time-and-sales.csv,2026-03-30,__TOTAL__,6101232.0,2799891.25,21082
20260331-time-and-sales.csv,2026-03-31,__TOTAL__,27264935.0,12818186.27,88494
20260401-time-and-sales.csv,2026-03-31,__TOTAL__,4851712.0,2264985.67,22487
20260401-time-and-sales.csv,2026-04-01,__TOTAL__,27227848.0,12533464.36,92508
20260402-time-and-sales.csv,2026-04-01,__TOTAL__,5212378.0,2868456.85,18082
20260402-time-and-sales.csv,2026-04-02,__TOTAL__,15197338.0,8758028.3,51978
20260403-time-and-sales.csv,2026-04-02,__TOTAL__,6501095.0,2233603.1,17161
20260403-time-and-sales.csv,2026-04-03,__TOTAL__,25701719.0,11301025.59,87010
20260404-time-and-sales.csv,2026-04-03,__TOTAL__,6372415.0,2557255.16,21287
20260404-time-and-sales.csv,2026-04-04,__TOTAL__,29902035.0,15901614.86,89953
20260405-time-and-sales.csv,2026-04-04,__TOTAL__,5776791.0,2967389.3,25081
20260405-time-and-sales.csv,2026-04-05,__TOTAL__,22744362.0,11051303.01,86758
20260406-time-and-sales.csv,2026-04-05,__TOTAL__,10345416.0,4214913.23,39036
20260406-time-and-sales.csv,2026-04-06,__TOTAL__,26228358.0,9969480.33,92464
20260407-time-and-sales.csv,2026-04-06,__TOTAL__,6432071.0,2896268.87,22387
20260407-time-and-sales.csv,2026-04-07,__TOTAL__,79601573.0,14916022.52,153194
20260408-time-and-sales.csv,2026-04-07,__TOTAL__,7956573.0,3769605.98,27427
20260408-time-and-sales.csv,2026-04-08,__TOTAL__,38397926.0,14328862.46,118969
20260409-time-and-sales.csv,2026-04-08,__TOTAL__,7250533.0,2626669.13,25036
20260409-time-and-sales.csv,2026-04-09,__TOTAL__,77836357.0,10183586.72,121060
20260410-time-and-sales.csv,2026-04-09,__TOTAL__,16221489.0,1976574.81,23653
20260410-time-and-sales.csv,2026-04-10,__TOTAL__,81728393.0,9230613.61,112869
20260411-time-and-sales.csv,2026-04-10,__TOTAL__,10279321.0,2509413.04,23308
20260411-time-and-sales.csv,2026-04-11,__TOTAL__,48939272.0,10925464.43,133564
20260412-time-and-sales.csv,2026-04-11,__TOTAL__,25140636.0,2426168.26,34367
20260412-time-and-sales.csv,2026-04-12,__TOTAL__,46063202.0,11035331.35,144545
20260413-time-and-sales.csv,2026-04-12,__TOTAL__,11647142.0,3291752.9,38584
20260413-time-and-sales.csv,2026-04-13,__TOTAL__,17952417.0,7578493.23,93576
20260414-time-and-sales.csv,2026-04-13,__TOTAL__,3962947.0,1476934.11,20288
20260414-time-and-sales.csv,2026-04-14,__TOTAL__,16235386.0,7499482.5,100307
20260415-time-and-sales.csv,2026-04-14,__TOTAL__,4404435.0,1817052.48,20626
20260415-time-and-sales.csv,2026-04-15,__TOTAL__,24486203.0,11200752.37,120466
20260416-time-and-sales.csv,2026-04-15,__TOTAL__,4002829.0,1666161.77,22389
20260416-time-and-sales.csv,2026-04-16,__TOTAL__,31142151.0,8081606.05,129147
20260417-time-and-sales.csv,2026-04-16,__TOTAL__,4060591.0,1742374.12,25987
20260417-time-and-sales.csv,2026-04-17,__TOTAL__,19988597.0,6729254.0,111075
20260418-time-and-sales.csv,2026-04-17,__TOTAL__,6275122.0,1814206.57,23873
20260418-time-and-sales.csv,2026-04-18,__TOTAL__,29024106.0,9703500.99,138500
20260419-time-and-sales.csv,2026-04-18,__TOTAL__,8713310.0,3612686.22,43505
20260419-time-and-sales.csv,2026-04-19,__TOTAL__,25002712.0,10030980.22,134110
20260420-time-and-sales.csv,2026-04-19,__TOTAL__,5825306.0,2350745.74,31332
20260420-time-and-sales.csv,2026-04-20,__TOTAL__,17681933.0,8415688.47,127860
20260421-time-and-sales.csv,2026-04-20,__TOTAL__,4000336.0,1767059.1,24934
20260421-time-and-sales.csv,2026-04-21,__TOTAL__,23293079.0,10679818.65,169708
20260422-time-and-sales.csv,2026-04-21,__TOTAL__,5698911.0,2343422.93,34500
20260422-time-and-sales.csv,2026-04-22,__TOTAL__,31499703.0,14560711.09,197919
20260423-time-and-sales.csv,2026-04-22,__TOTAL__,5647444.0,2141460.23,32958
20260423-time-and-sales.csv,2026-04-23,__TOTAL__,26931462.0,10443333.44,150484
20260424-time-and-sales.csv,2026-04-23,__TOTAL__,6690714.0,2942583.05,33365
20260424-time-and-sales.csv,2026-04-24,__TOTAL__,25465665.0,11829499.39,137568
20260425-time-and-sales.csv,2026-04-24,__TOTAL__,5343161.0,2724021.69,25349
20260425-time-and-sales.csv,2026-04-25,__TOTAL__,39693979.0,19943657.87,201187
20260426-time-and-sales.csv,2026-04-25,__TOTAL__,13209706.0,7045822.88,52474
20260426-time-and-sales.csv,2026-04-26,__TOTAL__,40837652.0,19905146.25,181743
20260427-time-and-sales.csv,2026-04-26,__TOTAL__,8822416.0,4689180.07,46530
20260427-time-and-sales.csv,2026-04-27,__TOTAL__,22023898.0,9699278.76,112973
20260428-time-and-sales.csv,2026-04-27,__TOTAL__,4417861.0,1756240.66,23081
20260428-time-and-sales.csv,2026-04-28,__TOTAL__,39531452.0,17776733.33,190050
20260429-time-and-sales.csv,2026-04-28,__TOTAL__,6592063.0,2554320.94,30951
20260429-time-and-sales.csv,2026-04-29,__TOTAL__,37209260.0,16320109.23,180867
20260430-time-and-sales.csv,2026-04-29,__TOTAL__,8417804.0,3479308.95,34076
20260430-time-and-sales.csv,2026-04-30,__TOTAL__,43522065.0,19797068.5,155107
20260501-time-and-sales.csv,2026-04-30,__TOTAL__,8515791.0,4570761.92,21917
20260501-time-and-sales.csv,2026-05-01,__TOTAL__,33054861.0,13630480.69,139457
20260502-time-and-sales.csv,2026-05-01,__TOTAL__,6023674.0,2778384.25,25655
20260502-time-and-sales.csv,2026-05-02,__TOTAL__,43946582.0,20016042.61,192872
20260503-time-and-sales.csv,2026-05-02,__TOTAL__,6620712.0,3302921.9,32182
20260503-time-and-sales.csv,2026-05-03,__TOTAL__,34736244.0,15343478.18,152354
20260504-time-and-sales.csv,2026-05-03,__TOTAL__,8716081.0,4292610.83,29193
20260504-time-and-sales.csv,2026-05-04,__TOTAL__,25385429.0,9553946.86,118771
20260505-time-and-sales.csv,2026-05-04,__TOTAL__,4424899.0,1812999.88,21050
20260505-time-and-sales.csv,2026-05-05,__TOTAL__,34662647.0,15170998.92,186609
20260506-time-and-sales.csv,2026-05-05,__TOTAL__,6408861.0,2630278.97,34178
20260506-time-and-sales.csv,2026-05-06,__TOTAL__,41150347.0,15631967.44,172943
20260507-time-and-sales.csv,2026-05-06,__TOTAL__,7552593.0,2922635.27,28074
20260507-time-and-sales.csv,2026-05-07,__TOTAL__,40702485.0,14393974.54,145474
20260508-time-and-sales.csv,2026-05-07,__TOTAL__,9191617.0,3313939.47,32543
20260508-time-and-sales.csv,2026-05-08,__TOTAL__,43929131.0,15293801.65,169655
20260509-time-and-sales.csv,2026-05-08,__TOTAL__,7361526.0,3164245.93,29524
20260509-time-and-sales.csv,2026-05-09,__TOTAL__,44133893.0,20555445.32,209735
20260510-time-and-sales.csv,2026-05-09,__TOTAL__,13268157.0,4927128.64,59613
20260510-time-and-sales.csv,2026-05-10,__TOTAL__,46105291.0,19942591.36,233023
20260511-time-and-sales.csv,2026-05-10,__TOTAL__,8056056.0,3495726.28,44983
20260511-time-and-sales.csv,2026-05-11,__TOTAL__,33059866.0,13918797.81,172415
20260512-time-and-sales.csv,2026-05-11,__TOTAL__,5166789.0,2424408.29,28967
20260512-time-and-sales.csv,2026-05-12,__TOTAL__,42875157.0,21092914.71,219433
20260513-time-and-sales.csv,2026-05-12,__TOTAL__,7255175.0,3134962.32,38139
20260513-time-and-sales.csv,2026-05-13,__TOTAL__,43819728.0,18702033.05,213100
20260514-time-and-sales.csv,2026-05-13,__TOTAL__,6564070.0,2358352.17,34175
20260514-time-and-sales.csv,2026-05-14,__TOTAL__,63546084.0,18949287.61,234450
20260515-time-and-sales.csv,2026-05-14,__TOTAL__,9887784.0,3041843.88,36585
20260515-time-and-sales.csv,2026-05-15,__TOTAL__,48073945.0,15439509.62,176781
20260516-time-and-sales.csv,2026-05-15,__TOTAL__,9777217.0,3253144.69,33964
20260516-time-and-sales.csv,2026-05-16,__TOTAL__,69146790.0,23157583.09,231163
20260517-time-and-sales.csv,2026-05-16,__TOTAL__,10540536.0,3512622.65,55336
20260517-time-and-sales.csv,2026-05-17,__TOTAL__,58762397.0,19634288.51,238945
20260518-time-and-sales.csv,2026-05-17,__TOTAL__,9682795.0,3435911.69,43275
20260518-time-and-sales.csv,2026-05-18,__TOTAL__,29172036.0,15064535.03,142051
20260519-time-and-sales.csv,2026-05-18,__TOTAL__,7767627.0,2673284.24,31946
20260519-time-and-sales.csv,2026-05-19,__TOTAL__,60177242.0,22440855.12,254529
20260520-time-and-sales.csv,2026-05-19,__TOTAL__,5687211.0,2682288.87,35130
20260520-time-and-sales.csv,2026-05-20,__TOTAL__,59545088.0,29952446.29,295953
20260521-time-and-sales.csv,2026-05-20,__TOTAL__,7933933.0,3222924.95,47755
20260521-time-and-sales.csv,2026-05-21,__TOTAL__,57512637.0,21829285.9,250861
20260522-time-and-sales.csv,2026-05-21,__TOTAL__,8476216.0,2917845.45,34350
20260522-time-and-sales.csv,2026-05-22,__TOTAL__,49179049.0,18823791.21,230739
20260523-time-and-sales.csv,2026-05-22,__TOTAL__,9486171.0,3141166.05,28098
20260523-time-and-sales.csv,2026-05-23,__TOTAL__,63576426.0,24733738.25,247001
20260524-time-and-sales.csv,2026-05-23,__TOTAL__,10008874.0,3784412.27,48807
20260524-time-and-sales.csv,2026-05-24,__TOTAL__,69521728.0,29082849.4,302889
20260525-time-and-sales.csv,2026-05-24,__TOTAL__,9970486.0,4884358.59,55598
20260525-time-and-sales.csv,2026-05-25,__TOTAL__,41799372.0,15868142.4,213802
20260526-time-and-sales.csv,2026-05-25,__TOTAL__,9450325.0,4950851.47,61089
20260526-time-and-sales.csv,2026-05-26,__TOTAL__,39489480.0,20661583.49,231916
20260527-time-and-sales.csv,2026-05-26,__TOTAL__,7846002.0,3641619.11,44996
20260527-time-and-sales.csv,2026-05-27,__TOTAL__,54429158.0,22294490.52,271911
20260528-time-and-sales.csv,2026-05-27,__TOTAL__,10189821.0,4885808.24,53490
20260528-time-and-sales.csv,2026-05-28,__TOTAL__,50136380.0,20467557.42,238821
20260529-time-and-sales.csv,2026-05-28,__TOTAL__,8528156.0,3848112.26,38992
20260529-time-and-sales.csv,2026-05-29,__TOTAL__,57934920.0,21930638.79,254465
20260530-time-and-sales.csv,2026-05-29,__TOTAL__,11093948.0,4587379.07,45530
20260530-time-and-sales.csv,2026-05-30,__TOTAL__,62484602.0,27062773.7,327641
20260531-time-and-sales.csv,2026-05-30,__TOTAL__,14519850.0,6664429.05,66659
20260531-time-and-sales.csv,2026-05-31,__TOTAL__,61039955.0,27285704.92,309255
20260601-time-and-sales.csv,2026-05-31,__TOTAL__,10392537.0,4629694.83,57904
20260602-time-and-sales.csv,2026-05-31,__TOTAL__,11.0,8.55,3
20260601-time-and-sales.csv,2026-06-01,__TOTAL__,28798045.0,13274438.12,198075
20260602-time-and-sales.csv,2026-06-01,__TOTAL__,10561958.0,5486196.66,60362
20260602-time-and-sales.csv,2026-06-02,__TOTAL__,49055094.15,24575568.97,293659
20260603-time-and-sales.csv,2026-06-02,__TOTAL__,10105905.35,5124882.72,52355
20260603-time-and-sales.csv,2026-06-03,__TOTAL__,57315910.0,27779572.29,333735
20260604-time-and-sales.csv,2026-06-03,__TOTAL__,12076338.0,5716757.18,65863
20260604-time-and-sales.csv,2026-06-04,__TOTAL__,76488713.75,32433896.68,378714
20260605-time-and-sales.csv,2026-06-04,__TOTAL__,8596001.8,3732243.81,55207
20260605-time-and-sales.csv,2026-06-05,__TOTAL__,55238332.27,23891981.41,343747
20260606-time-and-sales.csv,2026-06-05,__TOTAL__,11253166.66,4514928.4,68955
20260606-time-and-sales.csv,2026-06-06,__TOTAL__,78429894.01,36506531.46,438278
20260607-time-and-sales.csv,2026-06-06,__TOTAL__,13856144.98,5411592.2,79832
20260607-time-and-sales.csv,2026-06-07,__TOTAL__,73860372.79,29111517.73,403505
20260608-time-and-sales.csv,2026-06-07,__TOTAL__,13125444.92,6398461.5,65381
20260608-time-and-sales.csv,2026-06-08,__TOTAL__,30222213.89,12759460.66,214095
20260609-time-and-sales.csv,2026-06-08,__TOTAL__,8159926.11,4064894.56,55226
20260609-time-and-sales.csv,2026-06-09,__TOTAL__,82703200.89,41694749.07,481845
20260610-time-and-sales.csv,2026-06-09,__TOTAL__,11240182.72,5285601.92,63495
20260610-time-and-sales.csv,2026-06-10,__TOTAL__,67969216.62,28591079.37,416336
20260611-time-and-sales.csv,2026-06-10,__TOTAL__,12656037.13,6290775.81,82617
20260611-time-and-sales.csv,2026-06-11,__TOTAL__,98581894.73,50261634.04,504234
20260612-time-and-sales.csv,2026-06-11,__TOTAL__,4147493.16,2156549.42,16172
20260613-time-and-sales.csv,2026-06-11,__TOTAL__,293973.71,109102.91,2100
20260612-time-and-sales.csv,2026-06-12,__TOTAL__,90415512.15,34790239.35,567287
20260613-time-and-sales.csv,2026-06-12,__TOTAL__,16629482.95,6112411.22,102765
20260613-time-and-sales.csv,2026-06-13,__TOTAL__,98421983.52,40795699.06,613982
20260614-time-and-sales.csv,2026-06-13,__TOTAL__,13710770.3,4828813.41,103874
20260614-time-and-sales.csv,2026-06-14,__TOTAL__,125273180.98,49123824.95,793737
20260615-time-and-sales.csv,2026-06-14,__TOTAL__,28395851.07,11422223.1,191240
20260615-time-and-sales.csv,2026-06-15,__TOTAL__,133513559.28,51525784.56,1075124
20260616-time-and-sales.csv,2026-06-15,__TOTAL__,27322903.36,9236534.55,187505
20260616-time-and-sales.csv,2026-06-16,__TOTAL__,75763056.64,30532173.06,558582
20260617-time-and-sales.csv,2026-06-16,__TOTAL__,31068761.4,10612973.16,211481
20260617-time-and-sales.csv,2026-06-17,__TOTAL__,137823303.99,55480994.49,1004742
20260618-time-and-sales.csv,2026-06-17,__TOTAL__,28492616.44,10054232.92,181446
20260618-time-and-sales.csv,2026-06-18,__TOTAL__,147414180.58,56426574.82,973250
20260619-time-and-sales.csv,2026-06-18,__TOTAL__,31859442.63,10691189.8,189200
20260619-time-and-sales.csv,2026-06-19,__TOTAL__,127052357.04,48357212.65,854926
20260620-time-and-sales.csv,2026-06-19,__TOTAL__,37152532.86,14257675.91,219932
20260620-time-and-sales.csv,2026-06-20,__TOTAL__,167699728.32,69936038.34,1069166
20260621-time-and-sales.csv,2026-06-20,__TOTAL__,42293944.15,14886272.2,259888
20260621-time-and-sales.csv,2026-06-21,__TOTAL__,153584784.65,61127922.8,1027210
20260622-time-and-sales.csv,2026-06-21,__TOTAL__,45591447.45,16176242.11,271448
20260622-time-and-sales.csv,2026-06-22,__TOTAL__,119574883.4,51936257.55,869582
20260623-time-and-sales.csv,2026-06-22,__TOTAL__,26956382.95,10366249.34,177009
20260623-time-and-sales.csv,2026-06-23,__TOTAL__,157496809.3,69503383.49,1175126
20260624-time-and-sales.csv,2026-06-23,__TOTAL__,38771376.17,14843818.1,260349
20260624-time-and-sales.csv,2026-06-24,__TOTAL__,140108127.25,58696764.09,905473
20260625-time-and-sales.csv,2026-06-24,__TOTAL__,57643780.32,24957038.41,382483
20260625-time-and-sales.csv,2026-06-25,__TOTAL__,173780198.91,71254901.66,1158131
20260626-time-and-sales.csv,2026-06-25,__TOTAL__,47147518.53,18018800.91,286781
20260812-time-and-sales.csv,2026-06-25,__TOTAL__,20.0,8.6,4
20260626-time-and-sales.csv,2026-06-26,__TOTAL__,157309938.2,56533396.03,923455
20260627-time-and-sales.csv,2026-06-26,__TOTAL__,30197462.27,12593137.74,189217
20260627-time-and-sales.csv,2026-06-27,__TOTAL__,145958852.73,54112758.89,977493
20260628-time-and-sales.csv,2026-06-27,__TOTAL__,57779975.47,21973008.68,324067
20260628-time-and-sales.csv,2026-06-28,__TOTAL__,162105664.25,61814305.47,1025412
20260629-time-and-sales.csv,2026-06-28,__TOTAL__,23869719.62,8049933.17,140435
20260629-time-and-sales.csv,2026-06-29,__TOTAL__,105401086.35,43454098.76,737028
20260630-time-and-sales.csv,2026-06-29,__TOTAL__,44066514.15,14665924.06,291604
20260630-time-and-sales.csv,2026-06-30,__TOTAL__,161651219.75,66883824.58,1172375
20260701-time-and-sales.csv,2026-06-30,__TOTAL__,39312853.66,15912522.83,278145
20260701-time-and-sales.csv,2026-07-01,__TOTAL__,79405372.77,33405504.37,548636
20260702-time-and-sales.csv,2026-07-01,__TOTAL__,42628656.35,16260183.67,270481
20260702-time-and-sales.csv,2026-07-02,__TOTAL__,140403971.4,54230231.11,934636
20260703-time-and-sales.csv,2026-07-02,__TOTAL__,34592927.21,12697273.72,242906
20260703-time-and-sales.csv,2026-07-03,__TOTAL__,182063396.55,71572352.06,1195634
20260704-time-and-sales.csv,2026-07-03,__TOTAL__,52740306.13,18717667.09,319006
20260704-time-and-sales.csv,2026-07-04,__TOTAL__,168624352.8,69019657.98,1079490
20260705-time-and-sales.csv,2026-07-04,__TOTAL__,38711655.19,15310754.77,233603
20260705-time-and-sales.csv,2026-07-05,__TOTAL__,117638228.43,51340460.98,795705
20260706-time-and-sales.csv,2026-07-05,__TOTAL__,55962833.68,21809528.25,355720
20260706-time-and-sales.csv,2026-07-06,__TOTAL__,98151049.33,39056805.28,654035
20260707-time-and-sales.csv,2026-07-06,__TOTAL__,33014497.69,12060251.73,217799
20260707-time-and-sales.csv,2026-07-07,__TOTAL__,194188448.2,76597288.69,1317350
20260708-time-and-sales.csv,2026-07-07,__TOTAL__,36178720.69,13109898.48,257035
20260709-time-and-sales.csv,2026-07-07,__TOTAL__,104.03,36.58,2
20260812-time-and-sales.csv,2026-07-07,__TOTAL__,90.14,54.72,2
20260708-time-and-sales.csv,2026-07-08,__TOTAL__,63892003.13,31243105.34,574792
20260709-time-and-sales.csv,2026-07-08,__TOTAL__,18700447.05,8736414.98,162064
20260812-time-and-sales.csv,2026-07-08,__TOTAL__,49.56,29.28,2
20260709-time-and-sales.csv,2026-07-09,__TOTAL__,128747789.86,53195399.21,1048017
20260710-time-and-sales.csv,2026-07-09,__TOTAL__,35254233.44,15715163.15,280126
20260812-time-and-sales.csv,2026-07-09,__TOTAL__,1.97,0.97,1
20260710-time-and-sales.csv,2026-07-10,__TOTAL__,137815930.2,58684622.77,1077091
20260711-time-and-sales.csv,2026-07-10,__TOTAL__,22363343.66,8428097.02,189917
20260714-time-and-sales.csv,2026-07-10,__TOTAL__,1.0,0.54,1
20260711-time-and-sales.csv,2026-07-11,__TOTAL__,129726879.08,53530104.88,1108744
20260712-time-and-sales.csv,2026-07-11,__TOTAL__,65795070.64,23472528.92,496726
20260712-time-and-sales.csv,2026-07-12,__TOTAL__,176811930.08,84219482.13,1397036
20260713-time-and-sales.csv,2026-07-12,__TOTAL__,21617530.81,8811352.3,198493
20260714-time-and-sales.csv,2026-07-12,__TOTAL__,1.98,1.09,1
20260812-time-and-sales.csv,2026-07-12,__TOTAL__,39.83,9.56,1
20260713-time-and-sales.csv,2026-07-13,__TOTAL__,104278144.18,47830316.23,925611
20260714-time-and-sales.csv,2026-07-13,__TOTAL__,21637673.39,9361726.34,169030
20260812-time-and-sales.csv,2026-07-13,__TOTAL__,65.56,1.56,2
20260714-time-and-sales.csv,2026-07-14,__TOTAL__,184660659.18,74740676.84,1453284
20260715-time-and-sales.csv,2026-07-14,__TOTAL__,27918705.23,11097260.23,205334
20260812-time-and-sales.csv,2026-07-14,__TOTAL__,7292.19,4778.92,63
20260715-time-and-sales.csv,2026-07-15,__TOTAL__,157120156.75,60196162.25,1311008
20260716-time-and-sales.csv,2026-07-15,__TOTAL__,32881505.99,10134513.03,209028
20260725-time-and-sales.csv,2026-07-15,__TOTAL__,658.0,40.42,9
20260812-time-and-sales.csv,2026-07-15,__TOTAL__,448.42,124.85,13
20260824-time-and-sales.csv,2026-07-15,__TOTAL__,385.34,79.93,15
20260716-time-and-sales.csv,2026-07-16,__TOTAL__,133318572.62,48148012.49,1068001
20260717-time-and-sales.csv,2026-07-16,__TOTAL__,21333308.44,9188621.21,179112
20260725-time-and-sales.csv,2026-07-16,__TOTAL__,23.0,1.15,9
20260812-time-and-sales.csv,2026-07-16,__TOTAL__,521.6,134.4,24
20260824-time-and-sales.csv,2026-07-16,__TOTAL__,936.99,393.87,19
20260717-time-and-sales.csv,2026-07-17,__TOTAL__,107539665.17,43625083.27,1052716
20260718-time-and-sales.csv,2026-07-17,__TOTAL__,18980288.33,9369262.83,183451
20260725-time-and-sales.csv,2026-07-17,__TOTAL__,514.0,25.65,13
20260812-time-and-sales.csv,2026-07-17,__TOTAL__,1905.18,577.3,36
20260824-time-and-sales.csv,2026-07-17,__TOTAL__,340.81,175.0,12
20260718-time-and-sales.csv,2026-07-18,__TOTAL__,139792067.89,59777399.88,1230906
20260719-time-and-sales.csv,2026-07-18,__TOTAL__,72872642.51,24491628.98,500816
20260812-time-and-sales.csv,2026-07-18,__TOTAL__,475.99,178.77,14
20260719-time-and-sales.csv,2026-07-19,__TOTAL__,184859099.12,70971087.13,1440080
20260720-time-and-sales.csv,2026-07-19,__TOTAL__,52582521.36,27872976.64,335772
20260812-time-and-sales.csv,2026-07-19,__TOTAL__,879.67,240.06,27
20260824-time-and-sales.csv,2026-07-19,__TOTAL__,9.52,4.86,1
20260720-time-and-sales.csv,2026-07-20,__TOTAL__,72776252.67,33252730.19,812251
20260721-time-and-sales.csv,2026-07-20,__TOTAL__,15241952.38,6479236.88,151080
20260725-time-and-sales.csv,2026-07-20,__TOTAL__,12190.45,1238.56,144
20260812-time-and-sales.csv,2026-07-20,__TOTAL__,1359.63,591.78,55
20260824-time-and-sales.csv,2026-07-20,__TOTAL__,1711.19,561.76,29
20260825-time-and-sales.csv,2026-07-20,__TOTAL__,49.55,27.25,1
20260721-time-and-sales.csv,2026-07-21,__TOTAL__,117568530.79,55820311.47,1094847
20260722-time-and-sales.csv,2026-07-21,__TOTAL__,20482882.42,8588938.63,173700
20260725-time-and-sales.csv,2026-07-21,__TOTAL__,3871.8,676.07,89
20260812-time-and-sales.csv,2026-07-21,__TOTAL__,3343.88,988.1,49
20260824-time-and-sales.csv,2026-07-21,__TOTAL__,88.09,63.22,6
20260825-time-and-sales.csv,2026-07-21,__TOTAL__,52.99,50.87,1
20260722-time-and-sales.csv,2026-07-22,__TOTAL__,97930855.69,46958534.41,941471
20260723-time-and-sales.csv,2026-07-22,__TOTAL__,14941478.66,6919702.59,142195
20260812-time-and-sales.csv,2026-07-22,__TOTAL__,830.69,352.53,38
20260824-time-and-sales.csv,2026-07-22,__TOTAL__,470.28,398.69,12
20260723-time-and-sales.csv,2026-07-23,__TOTAL__,108104819.14,48550738.51,1042840
20260724-time-and-sales.csv,2026-07-23,__TOTAL__,19202456.54,8191643.88,179539
20260812-time-and-sales.csv,2026-07-23,__TOTAL__,684.17,227.37,34
20260824-time-and-sales.csv,2026-07-23,__TOTAL__,37.07,27.8,6
20260724-time-and-sales.csv,2026-07-24,__TOTAL__,90908943.44,37128786.25,827391
20260725-time-and-sales.csv,2026-07-24,__TOTAL__,20283156.11,9027286.3,176484
20260812-time-and-sales.csv,2026-07-24,__TOTAL__,235.88,103.07,13
20260824-time-and-sales.csv,2026-07-24,__TOTAL__,96.36,41.35,26
20260825-time-and-sales.csv,2026-07-24,__TOTAL__,0.71,0.49,1
20260725-time-and-sales.csv,2026-07-25,__TOTAL__,111237249.79,51311562.0,1025395
20260726-time-and-sales.csv,2026-07-25,__TOTAL__,21628521.84,10442440.71,197657
20260812-time-and-sales.csv,2026-07-25,__TOTAL__,1330.73,345.52,31
20260824-time-and-sales.csv,2026-07-25,__TOTAL__,256.31,109.91,6
20260825-time-and-sales.csv,2026-07-25,__TOTAL__,50.34,15.1,1
20260726-time-and-sales.csv,2026-07-26,__TOTAL__,106566313.26,48078366.08,1014005
20260727-time-and-sales.csv,2026-07-26,__TOTAL__,18097111.6,9613191.92,153870
20260811-time-and-sales.csv,2026-07-26,__TOTAL__,77.78,50.59,2
20260812-time-and-sales.csv,2026-07-26,__TOTAL__,2789.57,960.12,49
20260824-time-and-sales.csv,2026-07-26,__TOTAL__,425.2,267.21,13
20260727-time-and-sales.csv,2026-07-27,__TOTAL__,78085318.71,39308040.95,752538
20260728-time-and-sales.csv,2026-07-27,__TOTAL__,19571476.32,9552655.39,152565
20260812-time-and-sales.csv,2026-07-27,__TOTAL__,1810.71,983.79,26
20260824-time-and-sales.csv,2026-07-27,__TOTAL__,653.41,328.93,21
20260728-time-and-sales.csv,2026-07-28,__TOTAL__,106303018.56,53352488.49,857949
20260729-time-and-sales.csv,2026-07-28,__TOTAL__,18450469.1,9212531.76,147780
20260811-time-and-sales.csv,2026-07-28,__TOTAL__,7.31,4.9,1
20260812-time-and-sales.csv,2026-07-28,__TOTAL__,802.57,348.53,39
20260824-time-and-sales.csv,2026-07-28,__TOTAL__,957.46,674.92,27
20260729-time-and-sales.csv,2026-07-29,__TOTAL__,117590126.5,55451922.27,949855
20260730-time-and-sales.csv,2026-07-29,__TOTAL__,20353977.95,8158541.75,158074
20260812-time-and-sales.csv,2026-07-29,__TOTAL__,2932.71,1343.16,37
20260824-time-and-sales.csv,2026-07-29,__TOTAL__,435.14,330.67,15
20260730-time-and-sales.csv,2026-07-30,__TOTAL__,105227734.26,44265456.74,881090
20260731-time-and-sales.csv,2026-07-30,__TOTAL__,20128784.97,7745952.89,136684
20260811-time-and-sales.csv,2026-07-30,__TOTAL__,172.41,116.99,5
20260812-time-and-sales.csv,2026-07-30,__TOTAL__,3048.23,406.86,136
20260824-time-and-sales.csv,2026-07-30,__TOTAL__,41.53,31.12,4
20260731-time-and-sales.csv,2026-07-31,__TOTAL__,92401773.84,40697139.77,795876
20260801-time-and-sales.csv,2026-07-31,__TOTAL__,20722627.43,9945191.9,142662
20260811-time-and-sales.csv,2026-07-31,__TOTAL__,142.84,104.95,5
20260812-time-and-sales.csv,2026-07-31,__TOTAL__,1785.79,408.17,35
20260824-time-and-sales.csv,2026-07-31,__TOTAL__,50.12,25.57,2
20260801-time-and-sales.csv,2026-08-01,__TOTAL__,114080285.09,53065223.59,910285
20260802-time-and-sales.csv,2026-08-01,__TOTAL__,23560421.8,10278401.38,180645
20260811-time-and-sales.csv,2026-08-01,__TOTAL__,163.7,99.31,13
20260812-time-and-sales.csv,2026-08-01,__TOTAL__,1905.01,262.03,41
20260824-time-and-sales.csv,2026-08-01,__TOTAL__,277.39,186.89,12
20260825-time-and-sales.csv,2026-08-01,__TOTAL__,16.69,16.36,1
20260802-time-and-sales.csv,2026-08-02,__TOTAL__,112272864.42,51635852.46,846278
20260803-time-and-sales.csv,2026-08-02,__TOTAL__,22805774.67,9761277.24,145353
20260811-time-and-sales.csv,2026-08-02,__TOTAL__,1953.28,1133.82,18
20260812-time-and-sales.csv,2026-08-02,__TOTAL__,10303.02,1572.62,62
20260824-time-and-sales.csv,2026-08-02,__TOTAL__,129.93,46.2,6
20260825-time-and-sales.csv,2026-08-02,__TOTAL__,0.15,0.1,1
20260803-time-and-sales.csv,2026-08-03,__TOTAL__,64930680.72,31750743.78,593985
20260804-time-and-sales.csv,2026-08-03,__TOTAL__,16889282.02,6760687.48,132271
20260811-time-and-sales.csv,2026-08-03,__TOTAL__,524.8,300.4,18
20260812-time-and-sales.csv,2026-08-03,__TOTAL__,947.05,339.24,24
20260824-time-and-sales.csv,2026-08-03,__TOTAL__,534.73,250.12,11
20260804-time-and-sales.csv,2026-08-04,__TOTAL__,105757936.81,51823006.36,796672
20260805-time-and-sales.csv,2026-08-04,__TOTAL__,22045052.01,9811396.6,150516
20260811-time-and-sales.csv,2026-08-04,__TOTAL__,682.87,389.3,20
20260812-time-and-sales.csv,2026-08-04,__TOTAL__,1732.47,764.85,30
20260824-time-and-sales.csv,2026-08-04,__TOTAL__,27.92,17.47,3
20260805-time-and-sales.csv,2026-08-05,__TOTAL__,105590523.92,47207799.14,756809
20260806-time-and-sales.csv,2026-08-05,__TOTAL__,23795549.22,11060572.09,148802
20260811-time-and-sales.csv,2026-08-05,__TOTAL__,6572.31,3853.01,33
20260812-time-and-sales.csv,2026-08-05,__TOTAL__,1773.13,170.65,28
20260824-time-and-sales.csv,2026-08-05,__TOTAL__,71.57,29.93,5
20260825-time-and-sales.csv,2026-08-05,__TOTAL__,0.19,0.12,1
20260806-time-and-sales.csv,2026-08-06,__TOTAL__,118690533.34,48591805.45,797737
20260807-time-and-sales.csv,2026-08-06,__TOTAL__,22039163.26,9708586.62,139603
20260811-time-and-sales.csv,2026-08-06,__TOTAL__,3485.86,2092.31,35
20260812-time-and-sales.csv,2026-08-06,__TOTAL__,2285.9,336.65,41
20260824-time-and-sales.csv,2026-08-06,__TOTAL__,11.96,5.34,6
20260807-time-and-sales.csv,2026-08-07,__TOTAL__,97116563.42,44332173.28,712394
20260808-time-and-sales.csv,2026-08-07,__TOTAL__,16774944.75,6784261.17,115628
20260811-time-and-sales.csv,2026-08-07,__TOTAL__,2817.93,1354.7,55
20260812-time-and-sales.csv,2026-08-07,__TOTAL__,350.1,62.99,12
20260824-time-and-sales.csv,2026-08-07,__TOTAL__,73.42,33.0,2
20260808-time-and-sales.csv,2026-08-08,__TOTAL__,103051078.4,46552029.98,703806
20260809-time-and-sales.csv,2026-08-08,__TOTAL__,22879117.83,11111445.93,160170
20260811-time-and-sales.csv,2026-08-08,__TOTAL__,562354.17,121137.23,3093
20260812-time-and-sales.csv,2026-08-08,__TOTAL__,8135.71,537.41,133
20260824-time-and-sales.csv,2026-08-08,__TOTAL__,27.68,20.23,3
20260825-time-and-sales.csv,2026-08-08,__TOTAL__,34.82,17.76,2
20260809-time-and-sales.csv,2026-08-09,__TOTAL__,103868622.92,45538881.33,750940
20260810-time-and-sales.csv,2026-08-09,__TOTAL__,18057504.91,7672606.67,133963
20260811-time-and-sales.csv,2026-08-09,__TOTAL__,28228.96,7158.42,167
20260812-time-and-sales.csv,2026-08-09,__TOTAL__,3798.92,169.04,72
20260824-time-and-sales.csv,2026-08-09,__TOTAL__,71.02,22.57,3
20260825-time-and-sales.csv,2026-08-09,__TOTAL__,104.29,9.27,4
20260810-time-and-sales.csv,2026-08-10,__TOTAL__,59356752.57,25690928.53,488080
20260811-time-and-sales.csv,2026-08-10,__TOTAL__,13585399.23,5610616.36,99533
20260812-time-and-sales.csv,2026-08-10,__TOTAL__,837.37,138.64,33
20260824-time-and-sales.csv,2026-08-10,__TOTAL__,138.87,50.38,4
20260825-time-and-sales.csv,2026-08-10,__TOTAL__,2972.65,248.4,36
20260811-time-and-sales.csv,2026-08-11,__TOTAL__,75376784.77,34601167.98,542125
20260812-time-and-sales.csv,2026-08-11,__COMBO__,3447.58,289.27,17
20260812-time-and-sales.csv,2026-08-11,__TOTAL__,16185764.48,7046321.99,119511
20260824-time-and-sales.csv,2026-08-11,__TOTAL__,27.22,18.31,3
20260825-time-and-sales.csv,2026-08-11,__TOTAL__,2799.71,284.87,51
20260812-time-and-sales.csv,2026-08-12,__COMBO__,62190.1,7926.1,212
20260812-time-and-sales.csv,2026-08-12,__TOTAL__,99806815.82,44424669.37,720796
20260813-time-and-sales.csv,2026-08-12,__COMBO__,60354.3,15022.03,102
20260813-time-and-sales.csv,2026-08-12,__TOTAL__,21175851.32,10852125.0,135576
20260824-time-and-sales.csv,2026-08-12,__TOTAL__,250.0,110.0,1
20260825-time-and-sales.csv,2026-08-12,__TOTAL__,1063.03,112.3,23
20260813-time-and-sales.csv,2026-08-13,__COMBO__,296884.04,57190.08,980
20260813-time-and-sales.csv,2026-08-13,__TOTAL__,110176669.12,45612142.95,762835
20260814-time-and-sales.csv,2026-08-13,__COMBO__,423537.16,81075.12,1365
20260814-time-and-sales.csv,2026-08-13,__TOTAL__,17781558.55,8182901.36,112429
20260824-time-and-sales.csv,2026-08-13,__TOTAL__,29.69,14.55,1
20260825-time-and-sales.csv,2026-08-13,__TOTAL__,898.81,88.08,23
20260814-time-and-sales.csv,2026-08-14,__COMBO__,1162229.76,177368.09,2671
20260814-time-and-sales.csv,2026-08-14,__TOTAL__,105472828.75,45257670.37,686255
20260815-time-and-sales.csv,2026-08-14,__COMBO__,1623645.67,25419.95,509
20260815-time-and-sales.csv,2026-08-14,__TOTAL__,23199200.97,9465494.76,125899
20260824-time-and-sales.csv,2026-08-14,__TOTAL__,11.38,7.62,1
20260825-time-and-sales.csv,2026-08-14,__TOTAL__,670.65,52.45,30
20260815-time-and-sales.csv,2026-08-15,__COMBO__,1262035.22,208143.47,3207
20260815-time-and-sales.csv,2026-08-15,__TOTAL__,112534887.01,49484793.03,699779
20260816-time-and-sales.csv,2026-08-15,__COMBO__,569612.41,61856.11,1495
20260816-time-and-sales.csv,2026-08-15,__TOTAL__,27923555.38,11336465.97,192599
20260824-time-and-sales.csv,2026-08-15,__TOTAL__,413.34,159.04,7
20260825-time-and-sales.csv,2026-08-15,__TOTAL__,368.13,25.95,11
20260816-time-and-sales.csv,2026-08-16,__COMBO__,1895215.42,282157.57,5073
20260816-time-and-sales.csv,2026-08-16,__TOTAL__,119295859.37,58569605.63,840201
20260817-time-and-sales.csv,2026-08-16,__COMBO__,312225.72,61818.35,892
20260817-time-and-sales.csv,2026-08-16,__TOTAL__,30265624.21,13788149.47,146049
20260825-time-and-sales.csv,2026-08-16,__TOTAL__,2632.53,187.55,26
20260817-time-and-sales.csv,2026-08-17,__COMBO__,1709110.97,212470.37,4125
20260817-time-and-sales.csv,2026-08-17,__TOTAL__,71080985.29,32246475.81,503780
20260818-time-and-sales.csv,2026-08-17,__COMBO__,622995.65,71959.71,1727
20260818-time-and-sales.csv,2026-08-17,__TOTAL__,18919934.16,8839668.66,117839
20260824-time-and-sales.csv,2026-08-17,__TOTAL__,589.87,244.3,3
20260825-time-and-sales.csv,2026-08-17,__TOTAL__,165.96,11.51,6
20260818-time-and-sales.csv,2026-08-18,__COMBO__,4962165.56,569265.88,12463
20260818-time-and-sales.csv,2026-08-18,__TOTAL__,86752941.0,37781519.02,571577
20260819-time-and-sales.csv,2026-08-18,__COMBO__,2235211.33,235876.64,5178
20260819-time-and-sales.csv,2026-08-18,__TOTAL__,22298889.16,9599020.73,124522
20260824-time-and-sales.csv,2026-08-18,__TOTAL__,47.23,35.8,4
20260825-time-and-sales.csv,2026-08-18,__TOTAL__,70.21,4.35,5
20260819-time-and-sales.csv,2026-08-19,__COMBO__,8805413.43,1086200.49,22157
20260819-time-and-sales.csv,2026-08-19,__TOTAL__,101785533.87,46408420.28,649647
20260820-time-and-sales.csv,2026-08-19,__COMBO__,2850391.93,251133.07,4811
20260820-time-and-sales.csv,2026-08-19,__TOTAL__,23305332.06,9345850.25,121466
20260824-time-and-sales.csv,2026-08-19,__TOTAL__,36.43,24.41,1
20260825-time-and-sales.csv,2026-08-19,__TOTAL__,117.97,7.72,4
20260820-time-and-sales.csv,2026-08-20,__COMBO__,11292956.83,1522856.13,32485
20260820-time-and-sales.csv,2026-08-20,__TOTAL__,110309190.29,45890324.22,655449
20260821-time-and-sales.csv,2026-08-20,__COMBO__,3112387.72,455744.4,9010
20260821-time-and-sales.csv,2026-08-20,__TOTAL__,17450317.61,5822395.62,94342
20260821-time-and-sales.csv,2026-08-21,__COMBO__,29921687.82,4652162.76,41240
20260821-time-and-sales.csv,2026-08-21,__TOTAL__,101726529.64,36201042.78,574255
20260822-time-and-sales.csv,2026-08-21,__COMBO__,5691573.18,574579.47,11570
20260822-time-and-sales.csv,2026-08-21,__TOTAL__,25264225.41,7456875.34,117393
20260822-time-and-sales.csv,2026-08-22,__COMBO__,28767584.21,2818351.25,68562
20260822-time-and-sales.csv,2026-08-22,__TOTAL__,121932816.32,43089985.42,783525
20260823-time-and-sales.csv,2026-08-22,__COMBO__,7812153.55,779324.35,19406
20260823-time-and-sales.csv,2026-08-22,__TOTAL__,29688078.64,10728928.8,170009
20260823-time-and-sales.csv,2026-08-23,__COMBO__,23568162.09,2642285.64,67133
20260823-time-and-sales.csv,2026-08-23,__TOTAL__,115641589.65,45000097.39,761122
20260824-time-and-sales.csv,2026-08-23,__COMBO__,4350497.66,603107.39,12748
20260824-time-and-sales.csv,2026-08-23,__TOTAL__,25259047.89,8914608.85,136675
20260824-time-and-sales.csv,2026-08-24,__COMBO__,12922759.85,1619510.88,40298
20260824-time-and-sales.csv,2026-08-24,__TOTAL__,72858906.0,30017700.64,498208
20260825-time-and-sales.csv,2026-08-24,__COMBO__,6526426.91,545163.22,13676
20260825-time-and-sales.csv,2026-08-24,__TOTAL__,21296962.1,6763161.08,109902
20260825-time-and-sales.csv,2026-08-25,__COMBO__,19356886.78,2094896.1,51562
20260825-time-and-sales.csv,2026-08-25,__TOTAL__,101350970.05,39596765.67,543201
20260826-time-and-sales.csv,2026-08-25,__COMBO__,7908887.64,597426.72,16033
20260826-time-and-sales.csv,2026-08-25,__TOTAL__,26617408.38,10263177.99,127087
20260826-time-and-sales.csv,2026-08-26,__COMBO__,23270841.4,2499934.36,60522
20260826-time-and-sales.csv,2026-08-26,__TOTAL__,120297432.34,48981298.61,668527
20260827-time-and-sales.csv,2026-08-26,__COMBO__,8119281.77,741131.87,16950
20260827-time-and-sales.csv,2026-08-26,__TOTAL__,32104473.56,11475021.76,139646
20260827-time-and-sales.csv,2026-08-27,__COMBO__,16557585.25,2146559.33,44607
20260827-time-and-sales.csv,2026-08-27,__TOTAL__,79170746.92,27736194.28,455611
20260828-time-and-sales.csv,2026-08-28,__COMBO__,22138627.98,2516634.78,55652
20260828-time-and-sales.csv,2026-08-28,__TOTAL__,98118727.63,36527882.99,611347
20260829-time-and-sales.csv,2026-08-28,__COMBO__,9278756.62,720929.93,17023
20260829-time-and-sales.csv,2026-08-28,__TOTAL__,27226556.1,8998229.97,155343
20260829-time-and-sales.csv,2026-08-29,__COMBO__,37207078.89,4010712.06,94685
20260829-time-and-sales.csv,2026-08-29,__TOTAL__,137779073.55,47879073.71,902653
20260830-time-and-sales.csv,2026-08-29,__COMBO__,7929283.14,885104.91,18660
20260830-time-and-sales.csv,2026-08-29,__TOTAL__,29376944.56,8880093.78,174209
20260830-time-and-sales.csv,2026-08-30,__COMBO__,32070004.81,4051139.91,80471
20260830-time-and-sales.csv,2026-08-30,__TOTAL__,123906256.42,47292023.18,762804
20260831-time-and-sales.csv,2026-08-30,__COMBO__,5669145.66,896107.85,16209
20260831-time-and-sales.csv,2026-08-30,__TOTAL__,23583650.94,10788969.91,130551
20260831-time-and-sales.csv,2026-08-31,__COMBO__,21269216.36,2808839.7,53790
20260831-time-and-sales.csv,2026-08-31,__TOTAL__,90084740.45,34793856.7,534258
20260901-time-and-sales.csv,2026-08-31,__COMBO__,11292511.29,907663.95,19915
20260901-time-and-sales.csv,2026-08-31,__TOTAL__,28846409.58,10050489.67,123823
20260901-time-and-sales.csv,2026-09-01,__COMBO__,21904602.22,2627859.21,50884
20260901-time-and-sales.csv,2026-09-01,__TOTAL__,82865749.02,31532192.19,448014
20260902-time-and-sales.csv,2026-09-01,__COMBO__,10496281.39,897429.39,20292
20260902-time-and-sales.csv,2026-09-01,__TOTAL__,28731539.3,9200513.8,122226
20260902-time-and-sales.csv,2026-09-02,__COMBO__,29498788.61,3211432.86,66427
20260902-time-and-sales.csv,2026-09-02,__TOTAL__,104468787.57,40180363.14,576031
20260903-time-and-sales.csv,2026-09-02,__COMBO__,9480212.56,998367.15,20576
20260903-time-and-sales.csv,2026-09-02,__TOTAL__,28171364.56,11637808.56,143977
20260903-time-and-sales.csv,2026-09-03,__COMBO__,28994013.95,3864349.84,77274
20260903-time-and-sales.csv,2026-09-03,__TOTAL__,120297527.96,46876339.02,777843
20260904-time-and-sales.csv,2026-09-03,__COMBO__,9241812.37,1018993.88,22648
20260904-time-and-sales.csv,2026-09-03,__TOTAL__,28326605.56,10160806.63,161253
20260904-time-and-sales.csv,2026-09-04,__COMBO__,33006457.86,3876809.4,93685
20260904-time-and-sales.csv,2026-09-04,__TOTAL__,134078330.55,51732441.34,904986
20260905-time-and-sales.csv,2026-09-04,__COMBO__,12805672.92,1051458.08,30412
20260905-time-and-sales.csv,2026-09-04,__TOTAL__,34659043.6,10064107.96,192352
20260905-time-and-sales.csv,2026-09-05,__COMBO__,39521264.0,4302461.18,115281
20260905-time-and-sales.csv,2026-09-05,__TOTAL__,138355845.25,49789561.74,926158
20260906-time-and-sales.csv,2026-09-05,__COMBO__,65.25,19.57,2
20260906-time-and-sales.csv,2026-09-05,__TOTAL__,79278.78,37403.6,1707
20260906-time-and-sales.csv,2026-09-06,__COMBO__,40590004.43,4479708.87,130041
20260906-time-and-sales.csv,2026-09-06,__TOTAL__,131997892.11,45891049.11,1065819
20260907-time-and-sales.csv,2026-09-06,__COMBO__,9062679.22,1383153.33,35675
20260907-time-and-sales.csv,2026-09-06,__TOTAL__,37263199.47,12067167.82,278016
20260912-time-and-sales.csv,2026-09-06,__TOTAL__,16910.19,10625.16,1388
20260907-time-and-sales.csv,2026-09-07,__COMBO__,41153188.44,4900619.2,135399
20260907-time-and-sales.csv,2026-09-07,__TOTAL__,148222044.24,51714237.46,1227810
20260908-time-and-sales.csv,2026-09-07,__COMBO__,8932065.16,1121763.89,30452
20260908-time-and-sales.csv,2026-09-07,__TOTAL__,27427172.23,8960203.7,222543
20260908-time-and-sales.csv,2026-09-08,__COMBO__,39026989.49,4617468.89,132319
20260908-time-and-sales.csv,2026-09-08,__TOTAL__,128963449.46,47397124.98,1154640
20260909-time-and-sales.csv,2026-09-08,__COMBO__,16244656.19,1442497.16,45831
20260909-time-and-sales.csv,2026-09-08,__TOTAL__,37777907.72,12386966.44,261588
20260909-time-and-sales.csv,2026-09-09,__COMBO__,54208715.16,6221743.64,180156
20260909-time-and-sales.csv,2026-09-09,__TOTAL__,166144679.2,59092354.48,1370355
20260910-time-and-sales.csv,2026-09-09,__COMBO__,19868399.35,2022333.1,65676
20260910-time-and-sales.csv,2026-09-09,__TOTAL__,43606541.99,13288533.66,374146
20260910-time-and-sales.csv,2026-09-10,__COMBO__,55218174.23,7310811.19,206966
20260910-time-and-sales.csv,2026-09-10,__TOTAL__,179855250.14,62461939.65,1746891
20260911-time-and-sales.csv,2026-09-10,__COMBO__,13744744.19,1593209.05,52596
20260911-time-and-sales.csv,2026-09-10,__TOTAL__,36802509.53,9925889.03,286150
20260911-time-and-sales.csv,2026-09-11,__COMBO__,54055311.54,5456630.29,170466
20260911-time-and-sales.csv,2026-09-11,__TOTAL__,163257553.68,55968285.64,1418025
20260912-time-and-sales.csv,2026-09-11,__COMBO__,18690991.95,1476280.85,49061
20260912-time-and-sales.csv,2026-09-11,__TOTAL__,46509834.5,12406693.71,280012
20260912-time-and-sales.csv,2026-09-12,__COMBO__,93262913.6,9796821.38,297094
20260912-time-and-sales.csv,2026-09-12,__TOTAL__,261743752.53,85225761.39,1960030
20260913-time-and-sales.csv,2026-09-12,__COMBO__,21104899.52,2197746.13,66075
20260913-time-and-sales.csv,2026-09-12,__TOTAL__,65868550.64,20989715.86,507675
20260913-time-and-sales.csv,2026-09-13,__COMBO__,113471314.95,12675589.59,396541
20260913-time-and-sales.csv,2026-09-13,__TOTAL__,311762764.64,104273494.2,2620559
20260914-time-and-sales.csv,2026-09-13,__COMBO__,26017564.87,3864762.53,111528
20260914-time-and-sales.csv,2026-09-13,__TOTAL__,79991169.64,26592449.91,676258
20260915-time-and-sales.csv,2026-09-13,__TOTAL__,120.11,1.2,2
20260914-time-and-sales.csv,2026-09-14,__COMBO__,63051459.96,6449908.81,227629
20260914-time-and-sales.csv,2026-09-14,__TOTAL__,172230572.2,53360654.0,1622447
20260915-time-and-sales.csv,2026-09-14,__COMBO__,30292540.03,2083620.91,87162
20260915-time-and-sales.csv,2026-09-14,__TOTAL__,52767368.44,11726434.56,340981
20260915-time-and-sales.csv,2026-09-15,__COMBO__,72378732.35,7561011.19,241182
20260915-time-and-sales.csv,2026-09-15,__TOTAL__,201925830.95,66004864.64,1720868
20260916-time-and-sales.csv,2026-09-15,__COMBO__,22130914.6,1751673.78,59760
20260916-time-and-sales.csv,2026-09-15,__TOTAL__,42764027.86,11670747.77,301378
20260916-time-and-sales.csv,2026-09-16,__COMBO__,88434151.03,8162176.33,258537
20260916-time-and-sales.csv,2026-09-16,__TOTAL__,217086847.48,66816411.11,1767759
20260917-time-and-sales.csv,2026-09-16,__COMBO__,27090821.54,1982530.63,65276
20260917-time-and-sales.csv,2026-09-16,__TOTAL__,46465549.59,9930017.79,296909
20260917-time-and-sales.csv,2026-09-17,__COMBO__,91615990.97,9045037.72,293426
20260917-time-and-sales.csv,2026-09-17,__TOTAL__,206443741.47,61579403.98,1703179
20260918-time-and-sales.csv,2026-09-17,__COMBO__,32425795.57,2499743.25,101843
20260918-time-and-sales.csv,2026-09-17,__TOTAL__,56311922.92,11374213.76,365381
20260918-time-and-sales.csv,2026-09-18,__COMBO__,100764652.57,9224947.48,302661
20260918-time-and-sales.csv,2026-09-18,__TOTAL__,232944449.19,61193026.76,1900418
20260919-time-and-sales.csv,2026-09-18,__COMBO__,42571479.52,2404398.96,83563
20260919-time-and-sales.csv,2026-09-18,__TOTAL__,66640839.13,13233650.22,360374
20260919-time-and-sales.csv,2026-09-19,__COMBO__,166350800.79,12055736.1,419787
20260919-time-and-sales.csv,2026-09-19,__TOTAL__,373376373.94,106429107.43,2667962
20260920-time-and-sales.csv,2026-09-19,__COMBO__,43639651.4,3507233.57,126340
20260920-time-and-sales.csv,2026-09-19,__TOTAL__,106859485.82,30103766.37,798315
20260920-time-and-sales.csv,2026-09-20,__COMBO__,254975887.19,18078888.62,690074
20260920-time-and-sales.csv,2026-09-20,__TOTAL__,485351522.49,123136087.44,3516408
20260921-time-and-sales.csv,2026-09-20,__COMBO__,38282118.98,4048916.52,139368
20260921-time-and-sales.csv,2026-09-20,__TOTAL__,90509752.22,24743657.8,713490
20260921-time-and-sales.csv,2026-09-21,__COMBO__,72120564.27,7140689.42,256025
20260921-time-and-sales.csv,2026-09-21,__TOTAL__,196054006.88,59450544.63,1821080
20260922-time-and-sales.csv,2026-09-21,__COMBO__,34428963.18,2356995.44,106360
20260922-time-and-sales.csv,2026-09-21,__TOTAL__,57164443.0,11205201.09,371854
20260922-time-and-sales.csv,2026-09-22,BTC|15m|Up/Down|Crypto,29337.96,15845.15,921
20260922-time-and-sales.csv,2026-09-22,BTC|1h|Up/Down|Crypto,3985.34,2315.08,211
20260922-time-and-sales.csv,2026-09-22,__COMBO__,117532657.39,6890176.82,261785
20260922-time-and-sales.csv,2026-09-22,__TOTAL__,250955690.5,61580148.25,1886184
20260923-time-and-sales.csv,2026-09-22,BTC|15m|Up/Down|Crypto,95192.65,47723.1,2714
20260923-time-and-sales.csv,2026-09-22,BTC|1h|Up/Down|Crypto,20619.86,13857.74,591
20260923-time-and-sales.csv,2026-09-22,__COMBO__,32209816.52,1703529.36,60502
20260923-time-and-sales.csv,2026-09-22,__TOTAL__,54647340.39,11355332.16,332730
20260925-time-and-sales.csv,2026-09-22,__COMBO__,2864.5,54.04,6
20260925-time-and-sales.csv,2026-09-22,__TOTAL__,2918.38,93.86,22
20260923-time-and-sales.csv,2026-09-23,BTC|15m|Up/Down|Crypto,2302845.47,1124456.33,60936
20260923-time-and-sales.csv,2026-09-23,BTC|1h|Up/Down|Crypto,259178.78,117975.29,7343
20260923-time-and-sales.csv,2026-09-23,__COMBO__,114329294.96,7542485.43,246216
20260923-time-and-sales.csv,2026-09-23,__TOTAL__,246352279.42,72987402.82,1828670
20260924-time-and-sales.csv,2026-09-23,BTC|15m|Up/Down|Crypto,743565.54,333606.8,24592
20260924-time-and-sales.csv,2026-09-23,BTC|1h|Up/Down|Crypto,89751.55,49256.36,2363
20260924-time-and-sales.csv,2026-09-23,__COMBO__,41493863.3,1710961.7,67723
20260924-time-and-sales.csv,2026-09-23,__TOTAL__,63352286.61,12098477.48,369073
20260925-time-and-sales.csv,2026-09-23,__COMBO__,18487.51,339.72,42
20260925-time-and-sales.csv,2026-09-23,__TOTAL__,18744.77,520.6,67
20260924-time-and-sales.csv,2026-09-24,BTC|15m|Up/Down|Crypto,5887985.8,2767469.85,223099
20260924-time-and-sales.csv,2026-09-24,BTC|1h|Up/Down|Crypto,764656.33,376184.43,23639
20260924-time-and-sales.csv,2026-09-24,__COMBO__,135501968.78,8380928.18,287096
20260924-time-and-sales.csv,2026-09-24,__TOTAL__,254164360.87,66874384.3,1930896
20260925-time-and-sales.csv,2026-09-24,BTC|15m|Up/Down|Crypto,1667450.29,779893.39,57696
20260925-time-and-sales.csv,2026-09-24,BTC|1h|Up/Down|Crypto,180678.44,83913.17,3933
20260925-time-and-sales.csv,2026-09-24,__COMBO__,46884529.07,2451076.36,103937
20260925-time-and-sales.csv,2026-09-24,__TOTAL__,71717584.77,13426127.31,439984
20260925-time-and-sales.csv,2026-09-25,BTC|15m|Up/Down|Crypto,8935090.47,4389215.74,327249
20260925-time-and-sales.csv,2026-09-25,BTC|1h|Up/Down|Crypto,990483.69,490173.89,35287
20260925-time-and-sales.csv,2026-09-25,__COMBO__,162244665.35,10110890.13,311958
20260925-time-and-sales.csv,2026-09-25,__TOTAL__,302160509.08,83101323.79,2217050
20260926-time-and-sales.csv,2026-09-25,BTC|15m|Up/Down|Crypto,1967527.2,1123239.84,57449
20260926-time-and-sales.csv,2026-09-25,BTC|1h|Up/Down|Crypto,138002.28,72672.75,7238
20260926-time-and-sales.csv,2026-09-25,__COMBO__,41440952.9,1886928.25,63785
20260926-time-and-sales.csv,2026-09-25,__TOTAL__,68104143.19,15012072.5,392681
20260926-time-and-sales.csv,2026-09-26,BTC|15m|Up/Down|Crypto,11334003.24,5909900.23,384869
20260926-time-and-sales.csv,2026-09-26,BTC|1h|Up/Down|Crypto,746341.27,362869.58,38369
20260926-time-and-sales.csv,2026-09-26,__COMBO__,228320034.57,11360900.44,368848
20260926-time-and-sales.csv,2026-09-26,__TOTAL__,418334573.64,98555439.79,2653884
20260927-time-and-sales.csv,2026-09-26,BTC|15m|Up/Down|Crypto,1783880.26,985165.89,62693
20260927-time-and-sales.csv,2026-09-26,BTC|1h|Up/Down|Crypto,135048.54,109933.63,3067
20260927-time-and-sales.csv,2026-09-26,__COMBO__,73324859.91,3559941.79,113696
20260927-time-and-sales.csv,2026-09-26,__TOTAL__,129781237.1,26547587.76,772320
20260927-time-and-sales.csv,2026-09-27,BTC|15m|Up/Down|Crypto,10905965.23,5775277.3,379489
20260927-time-and-sales.csv,2026-09-27,BTC|1h|Up/Down|Crypto,865101.37,419295.08,36207
20260927-time-and-sales.csv,2026-09-27,__COMBO__,395494706.23,18145156.57,653781
20260927-time-and-sales.csv,2026-09-27,__TOTAL__,630068461.84,124613203.8,3634096
20260928-time-and-sales.csv,2026-09-27,BTC|15m|Up/Down|Crypto,1647124.31,924147.59,63179
20260928-time-and-sales.csv,2026-09-27,BTC|1h|Up/Down|Crypto,164769.15,85489.14,5278
20260928-time-and-sales.csv,2026-09-27,__COMBO__,34151595.38,4173890.31,124263
20260928-time-and-sales.csv,2026-09-27,__TOTAL__,88659323.74,32433093.99,724017
20260928-time-and-sales.csv,2026-09-28,BTC|15m|Up/Down|Crypto,16777771.39,8443217.11,587174
20260928-time-and-sales.csv,2026-09-28,BTC|1h|Up/Down|Crypto,1582781.76,752164.07,62753
20260928-time-and-sales.csv,2026-09-28,__COMBO__,103598453.07,8684519.76,270154
20260928-time-and-sales.csv,2026-09-28,__TOTAL__,235392700.89,70426359.3,2255539
