d,notional,cash,traders
2025-09-01,38040120.38,19297760.45,14349
2025-09-02,51767358.76,23413173.28,21388
2025-09-03,40801549.62,20736273.46,16709
2025-09-04,36665630.94,17917210.48,16322
2025-09-05,58340585.15,28415884.25,17901
2025-09-06,42318090.42,21726956.69,14911
2025-09-07,55302920.63,27784496.54,14400
2025-09-08,42832535.47,20323065.84,22784
2025-09-09,44824850.45,22266499.75,20887
2025-09-10,44516003.67,19929856.96,18456
2025-09-11,45007433.93,21469104.8,19468
2025-09-12,45653446.99,22452477.0,19543
2025-09-13,49003596.62,24405192.14,20463
2025-09-14,62258625.3,30509641.46,21205
2025-09-15,42432465.09,19179783.92,21595
2025-09-16,88237210.83,30247327.79,25080
2025-09-17,97258056.59,34120656.45,26413
2025-09-18,52940824.4,23603074.4,26882
2025-09-19,49613744.37,24712484.3,27925
2025-09-20,55775691.1,29645318.44,19481
2025-09-21,70028327.04,36952016.61,22668
2025-09-22,53958443.39,29934816.89,28855
2025-09-23,54063863.23,29345924.07,31012
2025-09-24,51392195.27,25831042.97,26323
2025-09-25,58021504.27,26895003.86,29444
2025-09-26,50711654.48,22963638.44,30715
2025-09-27,54887406.79,26443869.48,35813
2025-09-28,82590552.8,40317667.33,40916
2025-09-29,53007406.92,25876429.76,49991
2025-09-30,73449526.18,31191140.49,40688
2025-10-01,69161206.67,29675594.27,31740
2025-10-02,57481434.31,25821932.68,30084
2025-10-03,58362103.47,22481767.02,24832
2025-10-04,65262599.36,29868708.92,38100
2025-10-05,87837788.57,47361658.72,37868
2025-10-06,60040433.56,24799659.84,34089
2025-10-07,72333607.27,38446373.69,40487
2025-10-08,91577973.05,42761197.08,40634
2025-10-09,126026703.92,55449145.2,55468
2025-10-10,176712668.46,69486635.33,52509
2025-10-11,140879226.75,55774550.64,44652
2025-10-12,173910229.8,55994434.16,54898
2025-10-13,196835476.38,49248630.85,48249
2025-10-14,145754405.65,47137400.08,47724
2025-10-15,137137947.46,46397034.58,47946
2025-10-16,140574049.6,56560770.02,62428
2025-10-17,133497166.23,56255570.57,58709
2025-10-18,141419712.4,68169100.64,52966
2025-10-19,167609692.09,70122737.77,58876
2025-10-20,147780493.91,55465938.16,59149
2025-10-21,182557224.51,63715809.44,68378
2025-10-22,137726782.81,62654761.1,53859
2025-10-23,144550260.52,56103207.76,61455
2025-10-24,138146193.26,56172002.3,74921
2025-10-25,163651840.95,73921261.87,63343
2025-10-26,143321351.23,69768583.64,58542
2025-10-27,142470180.74,64492315.04,68451
2025-10-28,169770024.61,74626280.74,87016
2025-10-29,192140867.28,80815816.23,81624
2025-10-30,172816503.2,88077451.87,83290
2025-10-31,126352639.61,64606287.69,78593
2025-11-01,155932980.31,82783683.38,66869
2025-11-02,147899005.6,77133218.79,66604
2025-11-03,138139636.89,62420839.9,66538
2025-11-04,155360641.22,71366497.82,80358
2025-11-05,161274445.35,78275697.87,75671
2025-11-06,120407847.57,57286271.49,70682
2025-11-07,121675851.66,55532241.39,68086
2025-11-08,127920310.32,67204915.3,66448
2025-11-09,177010105.6,94606239.49,70140
2025-11-10,117584797.7,54704776.93,71652
2025-11-11,115906482.09,55233585.39,73034
2025-11-12,135431011.55,63485401.27,78380
2025-11-13,163962303.15,78938867.09,82465
2025-11-14,142126467.13,68692317.81,76042
2025-11-15,126214506.88,64269119.99,67813
2025-11-16,151263342.31,78732045.85,71704
2025-11-17,150058153.98,65087378.56,74699
2025-11-18,153783180.66,66508960.56,76638
2025-11-19,127391016.58,59127881.41,82746
2025-11-20,127339833.07,60091367.55,77581
2025-11-21,134174028.73,62626084.8,74333
2025-11-22,143497978.02,73017192.41,71982
2025-11-23,150331521.44,78042310.62,63874
2025-11-24,151519780.35,66333243.24,78494
2025-11-25,171732430.95,76939157.56,90922
2025-11-26,153257286.25,64796221.35,84210
2025-11-27,154128101.47,69051465.36,82105
2025-11-28,151266687.14,69419648.09,78164
2025-11-29,144269233.34,71421834.64,63512
2025-11-30,157752140.09,74857532.25,62376
2025-12-01,158997571.61,70828918.13,71417
2025-12-02,165675344.11,76398029.2,77007
2025-12-03,176125537.64,73340999.03,68643
2025-12-04,195192945.79,85899270.71,67662
2025-12-05,186436726.5,76211175.58,71505
2025-12-06,191945488.15,77367953.57,69272
2025-12-07,218242312.04,90933648.03,65573
2025-12-08,164947270.05,64633062.74,71426
2025-12-09,207318150.07,82441500.78,76048
2025-12-10,212250446.78,79501211.69,81652
2025-12-11,143691376.06,64656503.53,73052
2025-12-12,131822407.27,61143505.01,53889
2025-12-13,118425065.84,54947414.04,51475
2025-12-14,173834382.32,82094283.99,60188
2025-12-15,150030239.12,63126507.06,73881
2025-12-16,153453670.35,60149951.8,72946
2025-12-17,138497202.2,56942927.4,72991
2025-12-18,155334079.01,70018196.63,72618
2025-12-19,202942860.15,93952524.33,75388
2025-12-20,205717502.13,94762865.58,69600
2025-12-21,184056389.33,87839280.2,68773
2025-12-22,163819053.37,75056628.24,73326
2025-12-23,162701899.61,75055437.96,68182
2025-12-24,157803867.21,71596334.96,65360
2025-12-25,154880869.14,69723702.25,68841
2025-12-26,145492669.51,73721991.15,68588
2025-12-27,153584818.41,77189007.74,62243
2025-12-28,156680766.46,77668319.66,63526
2025-12-29,188040697.71,92685885.64,79127
2025-12-30,212419793.73,103398910.14,82097
2025-12-31,183228324.85,94675407.63,70154
2026-01-01,181951442.54,91917231.19,57261
2026-01-02,209171468.49,85901639.14,60406
2026-01-03,261008909.87,119811097.94,69554
2026-01-04,209272500.24,96134927.49,71603
2026-01-05,183647794.98,84618741.91,86960
2026-01-06,191093448.39,86003278.75,78818
2026-01-07,209184253.95,93725908.15,86847
2026-01-08,207515667.06,91265466.22,91116
2026-01-09,238476711.91,102320561.87,96861
2026-01-10,238085387.06,116257977.74,88384
2026-01-11,235804429.95,118378726.1,86337
2026-01-12,226602959.64,104816503.73,92539
2026-01-13,248795395.34,114257931.98,99875
2026-01-14,267484068.64,118342309.52,102084
2026-01-15,246944806.13,114553108.64,98108
2026-01-16,234782577.8,115338190.55,94528
2026-01-17,263178794.02,127836400.36,87904
2026-01-18,270293304.72,129623703.07,89796
2026-01-19,223679916.93,99562447.22,103611
2026-01-20,247372639.92,106245434.71,106228
2026-01-21,263583160.71,118109726.64,106256
2026-01-22,257639060.34,117319448.37,116334
2026-01-23,230536610.09,106952576.1,114681
2026-01-24,257408961.89,124073892.65,101436
2026-01-25,275893456.63,133558084.94,103930
2026-01-26,275654675.67,118725256.15,118776
2026-01-27,254615783.41,117207799.05,114801
2026-01-28,323507973.55,151714532.97,119618
2026-01-29,243982282.56,115113068.15,111190
2026-01-30,327508011.38,146393631.11,119322
2026-01-31,353449806.7,161912254.0,113296
2026-02-01,304119946.27,144488471.19,93205
2026-02-02,281413554.94,128644550.95,109252
2026-02-03,308888679.34,134170619.21,107420
2026-02-04,240735299.24,118033373.67,99550
2026-02-05,254050051.08,123342654.34,109433
2026-02-06,250832534.47,121316755.22,94255
2026-02-07,267557508.18,132983860.6,90048
2026-02-08,311907932.37,151820273.81,103153
2026-02-09,269473487.64,126159150.55,113684
2026-02-10,277430113.74,132524531.28,105549
2026-02-11,277003067.74,134889415.47,108602
2026-02-12,264272197.95,130925744.03,104167
2026-02-13,258894838.38,125817764.76,104724
2026-02-14,252192792.88,123667175.71,105738
2026-02-15,280375804.84,135389026.51,94750
2026-02-16,221219243.43,104446468.37,86813
2026-02-17,254680749.66,120594804.33,88733
2026-02-18,259974359.0,123638361.09,91590
2026-02-19,260159967.05,125470332.18,92997
2026-02-20,259459838.6,126164611.03,95473
2026-02-21,281585911.47,143035019.2,100723
2026-02-22,282881127.79,143100467.19,95966
2026-02-23,242979479.45,116102784.97,103743
2026-02-24,278006528.67,135438097.0,123938
2026-02-25,319137921.35,143993918.39,131794
2026-02-26,335360127.86,140946762.83,132351
2026-02-27,370420326.92,145400185.94,131024
2026-02-28,477559760.7,207843561.66,152939
2026-03-01,376782322.84,176999109.05,126106
2026-03-02,322041470.54,146755283.11,126255
2026-03-03,349192576.61,160798065.18,124349
2026-03-04,413447403.11,180699049.66,126123
2026-03-05,314970781.83,144606125.43,122058
2026-03-06,373914531.57,153979398.63,120108
2026-03-07,361807651.14,166102298.38,122544
2026-03-08,361026217.88,176532390.98,121809
2026-03-09,295465297.4,143857347.81,133855
2026-03-10,340516201.48,162446331.01,144974
2026-03-11,365261962.78,162144069.33,144960
2026-03-12,341640078.64,156455186.2,136109
2026-03-13,329784373.83,152943873.49,137120
2026-03-14,333948349.58,157687012.94,131366
2026-03-15,337655249.42,155183941.96,135225
2026-03-16,345486753.04,147628424.77,157171
2026-03-17,359989868.1,166968009.63,154357
2026-03-18,387245071.83,177917592.89,152696
2026-03-19,374760052.96,181992722.5,151028
2026-03-20,336191967.57,167295067.79,138864
2026-03-21,368044996.98,187063235.52,139496
2026-03-22,372938153.12,185435373.28,147000
2026-03-23,324202279.85,154299518.35,158973
2026-03-24,306587307.81,147170934.98,160079
2026-03-25,339184461.15,145439266.55,155907
2026-03-26,307283367.36,152749072.08,159261
2026-03-27,311369168.15,158045049.91,163516
2026-03-28,328335426.2,167782873.25,158335
2026-03-29,324755041.95,164187817.12,151044
2026-03-30,270890317.99,135630498.81,156295
2026-03-31,297697668.72,147283399.07,150655
2026-04-01,297950293.59,156039004.96,149362
2026-04-02,278317198.67,136754707.08,148947
2026-04-03,256575537.7,128647823.4,147798
2026-04-04,262946913.02,136452553.86,127005
2026-04-05,308210454.79,150425049.32,125693
2026-04-06,302539393.23,135164445.45,136263
2026-04-07,404727480.06,175901506.64,162442
2026-04-08,462331160.67,180062881.54,166281
2026-04-09,348607411.02,159030146.41,140864
2026-04-10,292790917.75,135967031.49,147048
2026-04-11,303231217.56,156972404.14,136186
2026-04-12,361545079.49,169933938.14,140463
2026-04-13,286239816.94,139670300.13,148221
2026-04-14,298938084.6,148330802.85,154262
2026-04-15,294703037.97,148067185.09,144180
2026-04-16,265421718.52,130589213.77,132279
2026-04-17,291957299.77,138277122.75,142567
2026-04-18,293503024.04,146232608.7,136872
2026-04-19,311120319.5,145686498.9,134139
2026-04-20,245386690.37,116203843.41,132983
2026-04-21,292069451.67,145399043.43,147861
2026-04-22,273744807.81,134981830.06,135743
2026-04-23,262542911.74,122502858.52,128642
2026-04-24,301008983.4,133840129.04,130834
2026-04-25,291302154.72,152081160.77,118665
2026-04-26,295669731.18,134144826.03,120805
2026-04-27,247632298.53,101566403.82,124787
2026-04-28,323264217.2,102063216.04,95364
2026-04-29,270788783.46,112501878.06,94006
2026-04-30,283637496.36,139314600.94,97110
2026-05-01,189719004.27,100998270.96,87320
2026-05-02,189958346.99,102302881.71,87613
2026-05-03,205480044.28,104160001.08,98863
2026-05-04,189115925.02,91048144.2,99569
2026-05-05,174898521.29,88283172.37,101416
2026-05-06,189404879.76,94527843.48,109456
2026-05-07,196812490.72,97839504.64,108702
2026-05-08,190325159.78,94679475.32,101269
2026-05-09,415055159.16,129761212.95,104043
2026-05-10,249256650.65,129763214.19,101006
2026-05-11,216035974.9,98926030.31,107644
2026-05-12,223132281.4,105180171.44,109183
2026-05-13,226253130.76,109607144.36,110896
2026-05-14,200415006.75,94236440.22,113181
2026-05-15,205748370.37,95974648.45,113556
2026-05-16,238178928.03,115408912.92,106496
2026-05-17,268480842.87,135428605.11,107777
2026-05-18,195068500.73,84353520.89,119009
2026-05-19,210612625.22,102826226.3,119065
2026-05-20,230794584.78,97934238.26,110275
2026-05-21,241966859.87,105062067.66,120026
2026-05-22,241088511.63,94841336.52,114940
2026-05-23,252958967.59,120605934.03,117406
2026-05-24,268187806.14,135762962.74,112669
2026-05-25,215073091.75,97780984.7,117923
2026-05-26,226065843.19,101862706.37,125878
2026-05-27,225684276.25,105543113.24,120100
2026-05-28,214428604.97,100321127.26,117276
2026-05-29,227500626.46,104456538.42,110445
2026-05-30,277518051.18,127000578.59,117764
2026-05-31,282146219.8,95000675.23,104081
2026-06-01,257918375.87,100198508.11,104103
2026-06-02,326577429.26,109805307.85,112392
2026-06-03,378276095.13,106190887.44,107506
2026-06-04,240836651.26,109927514.83,109046
2026-06-05,210423663.23,92933382.65,115817
2026-06-06,243561066.88,108600260.98,100848
2026-06-07,251974017.81,107967100.53,103475
2026-06-08,242494419.05,93245429.87,114041
2026-06-09,271750719.24,94046012.53,112554
2026-06-10,269006885.4,90203268.93,102346
2026-06-11,346236084.91,116081888.12,117045
2026-06-12,352004972.1,127623534.71,130568
2026-06-13,374123193.68,147936511.11,125445
2026-06-14,479029022.22,194908833.36,134182
2026-06-15,464123510.24,184223497.14,140872
2026-06-16,391410100.69,145759374.16,120873
2026-06-17,556005059.47,197117057.31,136827
2026-06-18,384174032.61,164593755.25,132149
2026-06-19,318480961.77,135812234.47,126519
2026-06-20,416270395.62,174465491.23,126467
2026-06-21,405483737.66,161908312.0,129778
2026-06-22,380257551.76,147901958.65,131889
2026-06-23,378668358.45,168199295.27,139069
2026-06-24,394333894.5,170964951.28,128350
2026-06-25,424682616.47,169091615.67,124615
2026-06-26,382069777.52,159377078.46,113425
2026-06-27,366143305.14,153819983.17,108321
2026-06-28,348401972.51,135303635.71,106642
2026-06-29,404565199.64,145204609.47,119980
2026-06-30,441794951.3,171633669.27,116561
2026-07-01,478651691.72,192952559.11,124285
2026-07-02,338750729.1,140752604.33,121351
2026-07-03,455848822.96,178744004.04,128699
2026-07-04,455546502.33,194218853.54,121454
2026-07-05,325388356.25,137773215.59,114331
2026-07-06,396044514.57,169206613.14,121410
2026-07-07,510500107.73,205365642.48,125195
2026-07-08,250260590.63,100269629.64,93332
2026-07-09,332156846.83,142666415.78,115151
2026-07-10,291084739.36,136273015.93,114490
2026-07-11,307207194.55,140610184.13,116469
2026-07-12,247826645.21,116761609.89,95317
2026-07-13,136763719.22,62515154.5,78198
2026-07-14,313784540.09,144546035.53,119911
2026-07-15,300147021.99,144032775.75,112618
2026-07-16,177988314.85,86544026.08,80876
2026-07-17,180867506.16,92112740.97,81618
2026-07-18,278537853.67,134164423.03,85291
2026-07-19,369527974.46,165745682.31,108059
2026-07-20,129658854.48,64218207.08,69284
2026-07-21,154141113.64,73865779.05,71981
2026-07-22,152972277.59,75910050.08,73689
2026-07-23,152535086.43,78970124.4,75097
2026-07-24,136691777.06,69478743.51,74799
2026-07-25,148947908.73,76023471.71,65999
2026-07-26,136325262.07,70838607.11,62652
2026-07-27,113631733.14,56301383.12,69522
2026-07-28,132739143.46,66659808.66,66982
2026-07-29,176832807.34,86702960.55,68094
2026-07-30,165918906.44,86181942.25,65401
2026-07-31,142695134.84,76118043.94,61997
2026-08-01,163201822.51,86670175.1,59070
2026-08-02,155162291.19,81338276.71,54513
2026-08-03,115115721.73,58806342.36,58421
2026-08-04,127489635.67,66277492.67,61445
2026-08-05,149442183.85,79053853.86,63687
2026-08-06,131966144.75,67632543.78,59562
2026-08-07,130169998.61,66620113.0,64849
2026-08-08,132296497.32,69352549.13,53106
2026-08-09,127723267.51,68960749.35,50938
2026-08-10,104014191.05,52850046.71,52720
2026-08-11,112888706.35,57505600.57,55867
2026-08-12,153431540.16,80095658.25,57173
2026-08-13,153000147.44,80694519.47,55643
2026-08-14,156380786.32,82755919.85,56841
2026-08-15,168996553.66,90023821.1,50439
2026-08-16,174436167.31,94617600.58,51947
2026-08-17,108401040.53,54070774.23,52062
2026-08-18,113415189.83,54946297.87,55431
2026-08-19,140005911.4,70200374.03,53742
2026-08-20,189498608.07,100762271.97,57266
2026-08-21,194811047.36,102719867.74,57029
2026-08-22,196389079.26,104596284.77,55531
2026-08-23,206181693.48,106073703.05,54253
2026-08-24,117384841.15,59101827.29,52490
2026-08-25,117787307.47,60032713.86,52675
2026-08-26,133253334.79,69984593.11,50347
2026-08-27,161967639.69,81342462.32,54481
2026-08-28,165333920.35,86327349.98,55974
2026-08-29,171135944.63,89480071.79,49884
2026-08-30,179274047.36,97469251.67,52515
2026-08-31,135470897.69,68857744.44,52325
2026-09-01,115190869.85,57338644.81,50496
2026-09-02,129181787.19,60123000.74,47162
2026-09-03,111875702.84,54277769.84,49953
2026-09-04,149089087.49,71683253.33,53570
2026-09-05,166426676.7,86225374.35,47406
2026-09-06,165277629.05,85754067.97,46686
2026-09-07,110273655.13,55785326.34,49177
2026-09-08,149187545.2,75700925.94,52998
2026-09-09,161426371.0,83531293.23,53490
2026-09-10,132629125.63,64937733.51,52021
2026-09-11,147860375.05,70663675.76,52020
2026-09-12,178810892.17,92001417.51,48224
2026-09-13,176328726.11,91405543.0,50933
2026-09-14,129585349.68,62016880.07,50240
2026-09-15,142730440.07,68839130.46,50758
2026-09-16,143784420.23,64696675.57,51505
2026-09-17,132637093.82,70451050.17,50295
2026-09-18,141295917.42,70862657.21,50568
2026-09-19,168046419.77,86405696.02,50980
2026-09-20,232827811.25,116870797.51,54166
2026-09-21,118890853.0,58590156.63,48607
2026-09-22,123932405.19,61693317.61,46637
2026-09-23,104073614.64,52859686.45,49102
2026-09-24,129200078.68,67782457.69,49745
2026-09-25,130184154.47,66617127.06,46091
2026-09-26,154036291.88,77935772.96,43591
2026-09-27,189714128.81,98420147.86,48531
2026-09-28,120952806.0,60120557.51,48256
2026-09-29,125530842.19,63573646.67,53917
2026-09-30,114224487.3,56780130.13,50011
2026-10-01,129638121.23,65027747.21,49197
2026-10-02,136615005.49,68899661.62,48822
